Unnamed: 0,english,german_google_translate,label,imageability,unexpectedness_avg_glove,unexpectedness_min_glove,unexpectedness_avg_word2vec,unexpectedness_min_word2vec,polarity_senti_ws,polarity_text_blob,subjectivity_huggingface,vader_positive,vader_neutral,vader_negative,vader_compound
0,He gave a self-deprecating shrug.,Er gab einen selbstironischen Achselzucken.,0,1.8066,0.5898090170803387,0.5742872774790383,0.2711376386626442,0.22638437923375365,0.0,0.0,0.9302656054496765,0.0,1.0,0.0,0.0
1,He is so much more than a comedian.,Er ist so viel mehr als ein Komiker.,0,2.686125,0.5725090425381617,0.4283200996530792,0.27537711942229065,0.13040888694613112,0.0,0.0,0.9283452033996582,0.0,1.0,0.0,0.0
2,We were pelted with rotten tomatoes.,Wir waren mit faulen Tomaten ausgestoßen.,0,1.577,0.19972775604449827,0.06177076654516774,0.25126161968499594,0.029268169122436582,-0.005833333333333334,0.0,0.8420082926750183,0.0,0.667,0.333,-0.3612
3,Mind you don't tread in that puddle.,"Denken Sie daran, Sie treten nicht in dieser Pfütze.",0,1.297,0.5163385988111161,0.28738087880960256,0.28718099821423654,0.09367442733520463,0.0,0.0,0.9042271971702576,0.0,1.0,0.0,0.0
4,We've branded our cattle.,Wir haben unser Vieh gebrandmarkt.,0,2.1957999999999998,0.378156010003156,0.2232841312805577,0.31247753511367127,0.18745110173468213,0.0,0.0,0.31319350004196167,0.0,1.0,0.0,0.0
5,She has an earthy sense of humour.,Sie hat einen erdigen Sinn für Humor.,0,1.4937142857142856,0.33338119535753113,-0.04074342890030126,0.2816657672946222,0.1260711271630374,0.0,0.0,0.9405912160873413,0.533,0.467,0.0,0.6908
6,She just goes to pieces in exams.,Sie geht nur in Prüfungen in Stücke.,0,1.7367142857142857,0.4642986137322605,0.17151019992870123,0.31547451324252174,0.15291812160205218,0.0,0.0,0.027318894863128662,0.0,1.0,0.0,0.0
7,She bit the thread in two.,Sie biss den Faden in zwei Teile.,0,2.823,0.32202270593665855,0.10243462642493671,0.2449966054877497,0.15447679648726056,-0.0006857142857142857,0.0,0.12950289249420166,0.0,0.732,0.268,-0.296
8,My new hat was squished under his hips.,Mein neuer Hut wurde unter seine Hüften gequetscht.,0,2.382,0.2825574117739626,-0.03575783555340769,0.19536355503696437,0.004764031487404562,0.0005,0.0,0.9069036245346069,0.293,0.707,0.0,0.4404
9,He is punctual to a proverb.,Er ist pünktlich zu einem Sprichwort.,0,1.5401666666666667,0.38641178703119494,0.08196217755062397,0.18221557317567985,0.1043611651880949,0.0,1.0,0.8498653769493103,0.367,0.633,0.0,0.4404
10,She's merely a child.,Sie ist nur ein Kind.,0,1.6957999999999998,0.5965597873118169,0.4959936154537269,0.24233710962143898,0.10491169671897879,0.0,0.0,0.03239387273788452,0.0,1.0,0.0,0.0
11,Sophie is a glutton for books.,Sophie ist eine Vielfraß für Bücher.,0,2.562666666666667,0.2407197141136376,-0.041322630711910946,0.19627260938831917,0.12690518344175283,0.0,0.0,0.9416908025741577,0.0,1.0,0.0,0.0
12,How can you watch that drivel on TV?,Wie können Sie diesen Trottel im Fernsehen sehen?,0,2.5004999999999997,0.3769012733568501,0.019226406406075418,0.24038721598540555,0.06228912574675715,0.0,0.0,0.9379362463951111,0.0,1.0,0.0,0.0
13,History is one of his blind spots.,Die Geschichte ist einer seiner blinden Flecken.,0,1.278857142857143,0.4498166991061389,0.13891886014321475,0.23810943989518507,0.09364616549922587,-0.02825714285714286,-1.0,0.933638334274292,0.0,0.706,0.294,-0.3612
14,I ain't got my yellow card on me.,Ich habe meine gelbe Karte nicht auf mich.,0,2.824625,0.35926437579139037,0.1444793542975078,0.22917235775132735,0.05013469467736966,0.0,0.0,0.8887085318565369,0.0,1.0,0.0,0.0
15,Think twice before you do it.,"Überlegen Sie zweimal, bevor Sie es tun.",0,0.9748571428571429,0.5261834616364153,0.22417041203592344,0.49136122365556556,0.32735796269581563,0.0,0.7,0.689173698425293,0.221,0.779,0.0,0.1779
16,The row went on and on.,Die Reihe ging weiter und weiter.,0,2.2115,0.5247717534938542,0.4124227785596965,0.2956825327044514,0.12232421672455224,0.0,0.0,0.03425711393356323,0.0,1.0,0.0,0.0
17,I confess to a little bait and switch.,Ich gestehe einen kleinen Köder und Schalter.,0,1.4567142857142856,0.20016801849316024,-0.12434848112074623,0.22980937319717207,-0.024467831425697244,-0.03878571428571429,0.0,0.9292534589767456,0.0,0.811,0.189,-0.1027
18,Don't distract me while I'm driving!,"Lenu mich nicht ab, während ich fahre!",0,0.7034285714285715,0.2384050185186702,-0.27852011612040417,0.4849741338922189,0.2977825953267613,0.0,0.0,0.9079904556274414,0.0,1.0,0.0,0.0
19,Stop laying a guilt trip on me .,"Hör auf, eine Schuldreise auf mich zu legen.",0,1.6516250000000001,0.3373116518185656,0.16008685029589378,0.10945858064214374,0.02591845642105241,0.0,0.0,0.919486939907074,0.0,1.0,0.0,0.0
20,Let's drink to the bride and groom.,Lassen Sie uns in Braut und Bräutigam trinken.,0,2.790625,0.36287436369770926,0.18315433876616252,0.24499698562322006,0.06991196785894802,0.0,0.0,0.5983861684799194,0.0,1.0,0.0,0.0
21,Who's going to carve the turkey?,Wer wird den Truthahn schnitzen?,0,2.2504,0.23450503117397256,-0.008692387190855806,0.2568730207526305,0.10976200619599837,0.0,0.0,0.6515816450119019,0.0,1.0,0.0,0.0
22,That's a load of baloney.,Das ist eine Ladung Baloney.,0,2.8899999999999997,0.39911977270003596,0.20917086028490348,0.19537291558712322,0.08412441213621455,0.0,0.0,0.9365007281303406,0.0,1.0,0.0,0.0
23,I assume bail is moot?,"Ich nehme an, Kaution ist streitend?",0,0.7301666666666667,0.1948775228108567,0.0572949756042159,0.30631008149612865,0.018933767249451783,0.0,0.0,0.8214269280433655,0.0,1.0,0.0,0.0
24,He's not asleep - he's just pretending.,"Er schläft nicht - er tut nur so, als würde er so tun.",0,1.9768461538461537,0.5146908911602892,0.1319065728716885,0.3832129141880602,0.2000080887344796,0.0,0.0,0.9118186831474304,0.0,1.0,0.0,0.0
25,You can't foist your ideas on me.,Sie können Ihre Ideen auf mich nicht aufschieben.,0,0.9615,0.47316946550759276,0.26006807393600584,0.25007671318495045,0.06060908659230052,0.0,0.0,0.909824550151825,0.0,1.0,0.0,0.0
26,You have your sweater on inside out.,Sie haben Ihren Pullover auf innen nach außen.,0,3.2205,0.36429875841475445,0.04294134298724673,0.25915999269244755,0.1298833700511627,0.0,0.0,0.03180837631225586,0.0,1.0,0.0,0.0
27,Foxhunting is an abomination.,Foxhunting ist ein Gräuel.,0,1.2535,0.6253389822931081,0.6253389822931081,0.3930647426818985,0.3930647426818985,0.0,0.0,0.9344311356544495,0.0,1.0,0.0,0.0
28,There was Greek blood in his veins.,Da war griechisches Blut in seinen Adern.,0,2.029857142857143,0.30956015897100747,0.054365243084744934,0.16376371443205293,-0.017905112619468103,0.0,0.0,0.10097181797027588,0.0,1.0,0.0,0.0
29,Where else am I gonna go?,Wohin werde ich sonst gehen?,0,0.805,0.47390364506515864,0.3185671282147315,0.42586872351238236,0.3654496959343292,0.0,0.0,0.6973869204521179,0.0,1.0,0.0,0.0
30,They've eaten a whole pot of jam!,Sie haben einen ganzen Topf Marmelade gegessen!,0,3.177571428571429,0.2917671791328671,0.05939547818157835,0.2967977173846752,0.1260711271630374,0.0,0.0,0.907692015171051,0.0,1.0,0.0,0.0
31,Make a retro film with your images!,Machen Sie einen Retro -Film mit Ihren Bildern!,0,1.6721249999999999,0.4020898953179634,0.06325136565240687,0.25478363996787934,0.1260711271630374,0.0,0.0,0.8612844347953796,0.0,1.0,0.0,0.0
32,You will banish these ghastly thoughts.,Sie werden diese schrecklichen Gedanken verbannen.,0,0.5315,0.42606511909769895,0.1421115048340914,0.3568516507020952,0.16980745500342376,-0.004033333333333333,-1.0,0.9333885312080383,0.0,0.4,0.6,-0.7184
33,Does your dog bite?,Bittet dein Hund?,0,0.0,0.34142313533192287,0.34142313533192287,0.529979368397403,0.529979368397403,0.0,1.0,0.3409270644187927,0.0,1.0,0.0,0.0
34,Don't fritter away your precious time.,Verrissen Sie Ihre kostbare Zeit nicht.,0,2.3008333333333333,0.257223571627942,-0.007529647622454897,0.3459416166464844,0.14344894058877639,0.012950000000000001,1.0,0.9227885007858276,0.351,0.649,0.0,0.4019
35,It was his back playing him up.,"Es war sein Rücken, ihn aufzuspielen.",0,1.1663333333333334,0.608864001031286,0.4943798830051486,0.28777203679669333,0.17682092493962037,0.0,0.0,0.8767046332359314,0.0,1.0,0.0,0.0
36,Is this another of your daft ideas?,Ist dies ein weiterer Ihrer dummen Ideen?,0,1.131857142857143,0.3827223012224063,-0.005905437438251138,0.27154465395096944,-0.05614591282735501,-0.0843,-1.0,0.938461184501648,0.0,0.645,0.355,-0.5106
37,Your cousins are akin to you.,Ihre Cousins ​​sind Ihnen vergleichbar.,0,0.0,0.36707670433851847,0.20163139599666494,0.3779129713632748,0.3137296405173464,0.0,0.0,0.5142832398414612,0.0,1.0,0.0,0.0
38,Don't be so heartless!,Sei nicht so herzlos!,0,1.0055,0.6998738610694748,0.6551117143814412,0.4477685378036308,0.42461491247823274,0.0,-1.0,0.9262037873268127,0.545,0.455,0.0,0.5571
39,Pretty mouldy pay increase this year.,Ziemlich schimmelige Gehaltserhöhung in diesem Jahr.,0,2.0413333333333337,0.1954060303173319,-0.06984291101523012,0.20802691321922756,0.1365330991184916,-0.050666666666666665,0.0,0.9352271556854248,0.0,0.675,0.325,-0.3415
40,Let's rediscover life in the slow lane.,Lassen Sie uns das Leben in der langsamen Spur wieder entdecken.,0,2.8311818181818187,0.39556983095598997,0.030942095007678905,0.23022213181526213,0.037683855159049345,-0.001518181818181818,-0.7,0.8695719838142395,0.0,0.82,0.18,-0.296
41,He was faithful to me in weal and woe.,Er war mir in Weal und Weh treu.,0,2.33475,0.24191263922390002,-0.1637723948492491,0.30125207740111043,-0.05588636849007977,0.0,1.0,0.9256044626235962,0.34,0.66,0.0,0.5574
42,He won't dare to break his promise.,"Er wird es nicht wagen, sein Versprechen zu brechen.",0,1.7206666666666668,0.5291523787202238,0.2498505487457023,0.27829715202940325,0.13648548601643953,0.0,0.325,0.8573991656303406,0.0,0.513,0.487,-0.5722
43,She was a consummate performer.,Sie war eine vollendete Performerin.,0,1.3940000000000001,0.41795582918583124,0.23232577185031492,0.2672722417711346,0.19856879849202722,0.0,0.0,0.9298169612884521,0.0,1.0,0.0,0.0
44,He was hot for revenge.,Er war heiß für Rache.,0,1.7863999999999998,0.38989510271877026,0.1627705507451226,0.384620624543909,0.384620624543909,0.0,0.7,0.902881383895874,0.305,0.316,0.379,-0.1779
45,It felt like he was cracking a knuckle.,"Es fühlte sich an, als würde er einen Knöchel knacken.",0,2.2967999999999997,0.4034397457237317,0.014563605819393715,0.2460399494635278,0.1669669241077532,0.0,0.0,0.8537047505378723,0.0,1.0,0.0,0.0
46,Let my kite fly high.,Lass meinen Drachen hoch fliegen.,0,3.7638,0.26849201329477435,0.16303917801616993,0.4219336219305948,0.2907675559619135,0.0,0.7,0.9002602696418762,0.365,0.635,0.0,0.3182
47,She's still hale and hearty at 74.,Sie ist immer noch mit 74 Jahren hale und herzlich.,0,1.8611999999999997,0.47407726763783037,0.0743805476833473,0.26634337849188794,0.12885976035708363,0.0,1.0,0.9283308386802673,0.291,0.709,0.0,0.5719
48,Did you have a flu jab this year?,Hattest du dieses Jahr eine Grippeimpfung?,0,1.4033333333333333,0.3030121580084799,-0.05470023100518972,0.21329560196127328,0.0030491094199796,0.0,0.0,0.05375516414642334,0.0,1.0,0.0,0.0
49,That picture is askew.,Das Bild ist schief.,0,2.7119999999999997,0.4395712232248444,0.3626130287886911,0.1573263309598563,0.09321487900386213,0.0,0.0,0.92965167760849,0.0,1.0,0.0,0.0
50,They gave him the boot for coming late.,"Sie gaben ihm den Stiefel, weil er spät gekommen war.",0,1.6319,0.49392992070493386,0.2586423342196026,0.33141849074153124,0.20660771186756757,0.00747,0.0,0.0257146954536438,0.291,0.709,0.0,0.5719
51,She slathered her toast with butter.,Sie schob ihren Toast mit Butter.,0,1.9898333333333333,0.2489801972924613,0.015349407821450115,0.34443776526335224,0.21267495634636072,0.0,0.0,0.026969611644744873,0.0,1.0,0.0,0.0
52,She was a prissy little girl.,Sie war ein Prissy -kleines Mädchen.,0,0.8356666666666667,0.19682322251810433,-0.2293015757555405,0.22189811650598748,0.10491169671897879,0.0,0.0,0.9120951294898987,0.0,0.781,0.219,-0.1027
53,My uncle tipples brandy.,Mein Onkel Tipples Brandy.,0,1.5595,0.4464226969633314,0.4464226969633314,0.43582004221433096,0.43582004221433096,0.0,0.0,0.9351618885993958,0.0,1.0,0.0,0.0
54,The host bowed us in.,Der Gastgeber verneigte uns ein.,0,1.8405999999999998,0.07157143161555765,-0.17356389865596536,0.1878964620717282,0.043390922397291753,0.0,0.0,0.8743542432785034,0.0,1.0,0.0,0.0
55,Heavenly music swelled from nowhere.,Die himmlische Musik schwoll aus dem Nichts an.,0,2.259875,0.2546816148606637,-0.06734141212540834,0.25917417878407994,0.055241649894316035,0.0261,1.0,0.9105373024940491,0.386,0.614,0.0,0.6597
56,He was sent to prison on a bum rap.,Er wurde mit einem Penner Rap ins Gefängnis geschickt.,0,3.073111111111111,0.30356421766505487,-0.08754170428446449,0.24670848477339172,0.06728697123186735,0.0,1.0,0.05261242389678955,0.219,0.547,0.234,-0.0516
57,That's a comical hat you're wearing.,"Das ist ein komischer Hut, den du trägst.",0,1.626875,0.3296068500848063,-0.037123972426732786,0.20316730758836024,0.029982797917457532,0.0,1.0,0.9394077658653259,0.0,1.0,0.0,0.0
58,Just because I am not a misanthrope?,Nur weil ich kein Misanthrop bin?,0,1.23,0.32990691524042914,-0.07598728531271036,0.3538034619715117,0.1984931522958881,0.0,0.0,0.9233369827270508,0.0,1.0,0.0,0.0
59,You're a dirty liar!,Du bist ein schmutziger Lügner!,0,1.0028000000000001,0.22371883209166096,-0.032991313053334595,0.29641883913468176,0.08995650368494061,-0.05968,0.0,0.9422415494918823,0.0,0.326,0.674,-0.7345
60,Who designed the new school?,Wer hat die neue Schule entworfen?,0,2.487,0.45990428514225934,0.28747551322752996,0.258393761649343,0.1835901757591161,0.0006666666666666666,0.0,0.22354865074157715,0.367,0.633,0.0,0.4404
61,I will cherish every good to me.,Ich werde jedes Gut für mich schätzen.,0,1.1504285714285716,0.424802996878691,0.26409946218204444,0.3359912049978302,0.13338553519623367,0.0,1.0,0.9156736135482788,0.51,0.49,0.0,0.6369
62,I must be dashing off now.,Ich muss jetzt wegrutschen.,0,1.81975,0.5300269070597903,0.4646658009931249,0.31177584137361297,0.2764466750914801,0.0,0.0,0.8924475312232971,0.0,1.0,0.0,0.0
63,This man is a phoney.,Dieser Mann ist ein Phoney.,0,2.4905999999999997,0.5553280322262506,0.47390583529236446,0.30380752758466706,0.2610573025160976,0.0,0.0,0.9360789656639099,0.0,1.0,0.0,0.0
64,Doesn't Kate look gorgeous?,Sieht Kate nicht wunderschön aus?,0,2.846,0.21699652965018082,0.055132691077547945,0.3318942027134278,0.24570134552127543,0.0,-0.5,0.9174894690513611,0.0,0.554,0.446,-0.4973
65,He just scraped into college.,Er kratzte gerade das College.,0,2.6422,0.22963879834244727,-0.0531676800983488,0.3368230452030426,0.17041712468357464,0.0,0.0,0.06364351511001587,0.0,1.0,0.0,0.0
66,Shall I zip you up ?,Soll ich dich aufrollen?,0,0.74275,0.5432687177054533,0.37615007154054303,0.43044166322408073,0.23143434283365708,0.0,0.0,0.847832202911377,0.0,1.0,0.0,0.0
67,Are these real diamonds or paste?,Sind diese echten Diamanten oder Paste?,0,1.5360000000000003,0.39176504881523455,0.2192677158377506,0.31872965196515834,0.2299394561334084,0.0,1.0,0.8527460694313049,0.0,1.0,0.0,0.0
68,Do I look absurd in this hat?,Sehe ich in diesem Hut absurd aus?,0,2.0372857142857144,0.2712810321352944,0.07814583385284797,0.3276886482790376,-0.09972178380525018,0.0,-1.0,0.9308675527572632,0.0,0.769,0.231,-0.2023
69,Gods determine what you're going to be.,"Götter bestimmen, was Sie sein werden.",0,0.584,0.4563292058059305,0.258959208710889,0.28624362109940105,0.2497072875489719,0.0,0.0,0.38442176580429077,0.0,1.0,0.0,0.0
70,I wrote this sappy love song.,Ich habe dieses saftige Liebeslied geschrieben.,0,2.4253333333333336,0.2272557599635175,-0.02551835448030866,0.37703443300097184,0.11036898065259045,0.0,0.0,0.9275060892105103,0.0,1.0,0.0,0.0
71,He then descends to chop suey.,"Dann steigt er ab, um Suey zu hacken.",0,1.817625,0.3081775626724395,-0.11318655705940404,0.32247300279344093,0.19723595880365333,0.0005,0.0,0.11487877368927002,0.222,0.778,0.0,0.25
72,It was a jest rather than a reproach.,Es war eher ein Scherz als ein Vorwurf.,0,2.988625,0.47104257630788254,0.17529086456434534,0.3019056336666944,0.17992810124778308,0.0,0.0,0.9069132804870605,0.0,0.753,0.247,-0.3182
73,He just couldn't shake it off.,Er konnte es einfach nicht abschütteln.,0,2.1293333333333333,0.5723758304568507,0.3798682238394485,0.3286251380389424,0.19153151047537612,0.0,0.7,0.8701609969139099,0.315,0.685,0.0,0.3182
74,I pine for the countryside.,Ich kiefere für die Landschaft.,0,1.6448,0.40518877192875963,0.30293363574590887,0.03407011808478961,0.03407011808478961,0.0,0.0,0.9308827519416809,0.0,1.0,0.0,0.0
75,He had to bone up on his French.,Er musste auf seinem Französisch steigen.,0,2.2708333333333335,0.45359170882468375,0.26274748250998753,0.2739775476153579,0.136078678279803,0.0,0.0,0.6456880569458008,0.286,0.714,0.0,0.25
76,I have a feeling he'll come.,"Ich habe das Gefühl, dass er kommen wird.",0,2.288875,0.5080674148641532,0.38298498726640157,0.24681105875175866,0.07163797460514758,0.0,0.0,0.9076250195503235,0.0,1.0,0.0,0.0
77,He's my senior by three years.,Er ist drei Jahre lang mein Senior.,0,2.2027142857142854,0.48174039175762146,0.31045915371964555,0.21443211569921264,-0.0006105940167765171,0.0,0.0,0.06945180892944336,0.0,1.0,0.0,0.0
78,Bung your coat anywhere.,Stecke deinen Mantel überall.,0,1.81625,0.10667186757109468,-0.00970426473532688,0.5022408252284097,0.4428845560295651,0.0,0.0,0.544140636920929,0.0,1.0,0.0,0.0
79,Lay off bullying Jack.,Legen Sie Mobbing Jack ab.,0,2.8386000000000005,0.1927805502944713,0.024761812341101152,0.2917417912789161,0.17649240375376618,0.0,0.0,0.8995847702026367,0.0,1.0,0.0,0.0
80,There's no pat answer to that.,Darauf gibt es keine Pat -Antwort.,0,1.6776666666666669,0.47197226855594226,0.13762808030628088,0.2689260427408147,0.1257436589294541,0.0,0.0,0.03444993495941162,0.0,1.0,0.0,0.0
81,She gave a chuckle of delight.,Sie kicherte Freude.,0,0.0,0.0,0.0,0.0,0.0,0.0,0.0,0.9050129055976868,0.649,0.351,0.0,0.5719
82,That man gave her a dose of opium.,Dieser Mann gab ihr eine Dosis Opium.,0,2.241857142857143,0.42277635678132136,0.08447080943550658,0.24136665134958174,0.06351547514305937,0.0,0.0,0.028638362884521484,0.0,1.0,0.0,0.0
83,The party was a real booze - up.,Die Party war ein echter Alkohol - hoch.,0,2.6583750000000004,0.2779967360641895,-0.014220708982428288,0.16253985451329078,0.0001032541638405611,0.0,0.85,0.9397623538970947,0.277,0.723,0.0,0.3182
84,How impudent u are to say such a thing.,"Wie frech du bist, so etwas zu sagen.",0,1.6721249999999999,0.37710228237062154,0.08726384564407938,0.27570465453256926,-0.007028436367954545,0.0,-1.0,0.9359707832336426,0.0,0.778,0.222,-0.25
85,I was just phoning up for a chat.,Ich habe mich nur für einen Chat angerufen.,0,2.669625,0.3863389403494778,0.10125678804960404,0.27503862014114305,0.08041332449643548,0.0,0.0,0.025722384452819824,0.0,1.0,0.0,0.0
86,Does that old car still earn its keep?,Verdient dieses alte Auto immer noch seinen Aufbewahrung?,0,3.1403750000000006,0.433272148269384,0.1158010320904449,0.23855190493175732,0.02123635935407335,0.0117625,0.0,0.8879153728485107,0.243,0.583,0.175,0.1779
87,I'm after a tie to go with this shirt.,Ich bin nach einer Krawatte nach diesem Hemd.,0,2.6362500000000004,0.37804723064873097,0.03900555685976873,0.23795630376390117,-0.027029144185665727,0.0,0.0,0.02691066265106201,0.0,1.0,0.0,0.0
88,I've got no will power.,Ich habe keine Willenskraft.,0,1.12725,0.5565496950451168,0.4672787650477262,0.34298502624851246,0.22651540855040303,0.0,0.0,0.9011973142623901,0.0,1.0,0.0,0.0
89,Thanks for washing my pj's honey.,"Danke, dass du den Honig meines PJ gewaschen hast.",0,2.3253333333333335,0.15482880194106569,-0.031157241408695052,0.26798561890573713,0.029982797917457532,0.0,0.0,0.9157695174217224,0.266,0.734,0.0,0.4404
90,I want it with lettuce instead of peas.,Ich möchte es mit Salat anstelle von Erbsen.,0,2.916125,0.30801697903292174,0.049757539960458334,0.1909709077940551,-0.07413395290005485,0.043125,1.0,0.0703093409538269,0.278,0.722,0.0,0.4019
91,He had to prove himself all over again.,Er musste sich noch einmal beweisen.,0,2.189666666666667,0.6240857575731151,0.5293445978151378,0.3459639390674331,0.21321911771181642,0.0,1.0,0.45289433002471924,0.0,1.0,0.0,0.0
92,A big clap for our last contestant!,Ein großer Klatschen für unseren letzten Kandidaten!,0,2.1244285714285716,0.23521063994659416,-0.029976964842191308,0.3086681446857016,0.12697280719472814,0.05277142857142857,0.7,0.9396966099739075,0.285,0.715,0.0,0.3382
93,She tried to do away with herself.,Sie versuchte mit sich selbst zu beseitigen.,0,1.1757142857142857,0.5591075452457274,0.3651612329431751,0.2969835697169285,0.15469711461826535,0.0,0.0,0.05221480131149292,0.178,0.822,0.0,0.0772
94,She's one snappy dresser.,Sie ist eine bissige Kommode.,0,1.4772,0.33099754188152475,0.003022864251866183,0.3088567660552127,0.2769228158485632,0.0,-1.0,0.9330056309700012,0.231,0.769,0.0,0.0516
95,My roommate just got a Mac.,Mein Mitbewohner hat gerade einen Mac.,0,2.3935,0.3290026028022005,0.11352036207346984,0.3050722507213811,0.1282707774120277,0.0,0.0,0.031096339225769043,0.0,1.0,0.0,0.0
96,Don't give me that jazz!,Gib mir diesen Jazz nicht!,0,1.9240000000000002,0.25779892108101776,0.06166296440072206,0.26921617373299916,0.07490318032807422,0.0,0.0,0.9202684760093689,0.0,1.0,0.0,0.0
97,She certainly lives life to the full.,Sie lebt auf jeden Fall das Leben in vollen Zügen.,0,2.1273999999999997,0.3990513701587745,0.15867273937643145,0.2072950736981429,0.016640644985744607,0.0,0.0,0.919978141784668,0.0,1.0,0.0,0.0
98,They trampled his flowers out of spite.,Sie trampelten seine Blumen aus Trotz.,0,1.7181666666666668,0.20434546305986073,-0.21111235327513764,0.2020811795427806,0.09727702264103191,0.0,0.0,0.878601610660553,0.0,1.0,0.0,0.0
99,A tale of a woman fighting back?,"Eine Geschichte einer Frau, die sich wehrt?",0,1.8795714285714287,0.5996501661489153,0.4856811261345862,0.26569725327508065,0.0884870026509374,0.0,0.0,0.5742841958999634,0.0,1.0,0.0,0.0
100,Who's been fooling with the radio dial?,Wer hat mit dem Radio -Zifferblatt täuscht?,0,2.1355714285714287,0.39957575933549366,0.2515380807324889,0.19500768487701903,0.022135037752091344,0.0,0.0,0.9226163029670715,0.0,0.667,0.333,-0.4588
101,You have to grub up the roots.,Sie müssen die Wurzeln aufbauen.,0,2.317,0.45578886959692744,0.32606868973669406,0.37825355664141314,0.3187395115363447,0.0,0.0,0.43370890617370605,0.0,1.0,0.0,0.0
102,He got the boot.,Er bekam den Stiefel.,0,2.0564999999999998,0.5515484731337943,0.4626383868081524,0.3433949746486997,0.2146309315794892,0.0,0.0,0.027341008186340332,0.0,1.0,0.0,0.0
103,They don't have a prayer of winning.,Sie haben kein Gewinngebet.,0,1.12,0.5295575337500402,0.41604175084788747,0.1479175643367961,0.012375500700151634,0.0,0.0,0.5150145292282104,0.0,1.0,0.0,0.0
104,It annoys me when you fidget!,"Es nervt mich, wenn du zappst!",0,0.5823333333333334,0.29414565277861293,0.03452721662868827,0.3235176218979476,0.13875906329278598,-0.0229,0.0,0.9337223172187805,0.0,0.634,0.366,-0.4389
105,My brother is a little terror.,Mein Bruder ist ein kleiner Terror.,0,1.8813333333333333,0.4202028402424657,0.28637427653659636,0.254898023494834,-0.008810883051641996,-0.045250000000000005,0.0,0.9400701522827148,0.0,0.408,0.592,-0.7003
106,I parted with him for his dishonesty.,Ich trennte mich für seine Unehrlichkeit.,0,1.7080000000000002,0.3557707133286038,0.163359766059112,0.29974532156079425,0.1350532213177879,-0.08388333333333332,0.0,0.9215320944786072,0.0,0.471,0.529,-0.5423
107,You need to barber that beard of yours.,Sie müssen Ihren Bart von Ihnen brüllen.,0,2.061142857142857,0.44034928936839846,0.17554220630850093,0.28217736665068144,0.14865028093304916,0.0,-1.0,0.9214906096458435,0.0,1.0,0.0,0.0
108,Who's filched my pencils?,Wer hat meine Bleistifte gefilmt?,0,0.8130000000000001,0.2406981433014874,-0.00439064923439765,0.37238532839946503,0.2507309214936979,0.0,0.0,0.6117839217185974,0.0,1.0,0.0,0.0
109,You wanna tap out?,Willst du aussteigen?,0,0.0,0.5406628627579666,0.5406628627579666,0.4541812110495454,0.4541812110495454,0.0,0.0,0.107216477394104,0.0,1.0,0.0,0.0
110,I'll bet they have yummy ice cream.,"Ich wette, sie haben leckeres Eis.",0,0.7466666666666667,0.21798033040046672,-0.11161647251484334,0.3189758763799001,0.17449556971612135,0.0,0.0,0.925530731678009,0.0,1.0,0.0,0.0
111,Stop being such a snob.,"Hör auf, so ein Snob zu sein.",0,2.682,0.23046358554129656,-0.05109289889287618,0.25950951988063414,0.08491790209249431,0.0,0.0,0.9249608516693115,0.0,1.0,0.0,0.0
112,I think my watch is bust.,"Ich denke, meine Uhr ist Büste.",0,1.5778333333333334,0.3492268144054927,0.20036713115720778,0.19616709132322552,0.018933767249451783,0.0,0.0,0.9237160086631775,0.0,1.0,0.0,0.0
113,"Keep flax from fire,youth from gaming.","Halten Sie Flachs vom Feuer ab, Jugendliche vom Spielen.",0,3.347777777777778,0.30029179920596455,-0.044349244956232665,0.23161601348524855,0.02191942757563874,0.0,0.0,0.8995868563652039,0.0,0.792,0.208,-0.2732
114,"And, quite frankly, I just let rip.",Und ehrlich gesagt lasse ich einfach RIP.,0,2.4875714285714285,0.36018481516801715,0.15774578264862654,0.3573893550480294,-0.024467831425697244,0.0,0.85,0.9322923421859741,0.533,0.467,0.0,0.6908
115,It's time we dug up those potatoes.,"Es ist Zeit, dass wir diese Kartoffeln ausgegraben haben.",0,0.9495555555555555,0.38740080219437323,0.05845601571511022,0.2577279355589445,0.07389591062884389,0.0,0.0,0.9258303642272949,0.0,1.0,0.0,0.0
116,The frost has blighted my crops.,Der Frost hat meine Ernte geschmückt.,0,3.2631666666666668,0.27741650814313845,0.14282567951743266,0.249384653150667,0.1179959262117322,0.0,0.0,0.8880323767662048,0.342,0.658,0.0,0.3818
117,He had to wriggle his way out.,Er musste sich seinen Weg draußen wanden.,0,1.4404285714285712,0.47052673585051547,0.23029871152238587,0.2590397371458937,0.165077053806134,0.0,0.0,0.3715423345565796,0.0,1.0,0.0,0.0
118,I ought make hay while the sun shines.,"Ich sollte Heu machen, während die Sonne scheint.",0,3.0725,0.34127462028611033,0.11863347106097344,0.2654060062408079,0.03407011808478961,0.0,0.0,0.5341196656227112,0.0,1.0,0.0,0.0
119,Won't you have a piece of fudge?,Willst du kein Stück Fudge haben?,0,0.9478333333333334,0.18712961177431398,-0.0900056673361941,0.3263642195351816,0.16014579929080625,0.0,0.0,0.8627995848655701,0.0,1.0,0.0,0.0
120,He will wed that waitress next month.,Er wird diese Kellnerin nächsten Monat heiraten.,0,2.246571428571429,0.37362500353611816,0.08777426692509507,0.291787375974204,0.18880840861478373,0.03238571428571429,0.0,0.02762693166732788,0.495,0.505,0.0,0.5994
121,What are you moaning about now?,Worüber stöhnst du jetzt?,0,0.0,0.18765065908843828,0.18765065908843828,0.0,0.0,0.0,0.0,0.9214255809783936,0.0,1.0,0.0,0.0
122,You push and I'll pull.,Du drückst und ich werde ziehen.,0,0.0,0.43884420563578974,0.3120444659864505,0.24396065281211943,-0.024467831425697244,0.0,-0.7,0.4511650800704956,0.0,1.0,0.0,0.0
123,Here's his page in the yearbook!,Hier ist seine Seite im Jahrbuch!,0,3.360666666666667,0.4877646460052092,0.38511542857175624,0.17583682900241882,0.084035370638455,0.0,0.0,0.03179854154586792,0.0,1.0,0.0,0.0
124,I can't find my baggage.,Ich kann mein Gepäck nicht finden.,0,1.1411666666666667,0.3893548487739458,0.15969800242866064,0.33379792266525865,0.1952751700912937,0.0,0.0,0.06187969446182251,0.0,1.0,0.0,0.0
125,Life's too short to sit around moping.,"Das Leben ist zu kurz, um herumzusitzen.",0,1.9575714285714285,0.5147472815606792,0.4642161057073868,0.18110996493011214,0.10845737684930029,0.0,0.0,0.9090797305107117,0.0,0.789,0.211,-0.1531
126,He fell into a swoon yesterday.,Er fiel gestern in eine Ohnmacht.,0,3.0621666666666663,0.36900649453053863,0.13092770888551855,0.20639596932276666,0.14576667294703627,-0.03588333333333333,0.0,0.9119524359703064,0.0,0.725,0.275,-0.2263
127,He is chary of speech.,Er ist chary der Sprache.,0,1.7256,0.5980350023517209,0.5654820394775123,0.31198794558935644,0.21705867591546948,0.0,0.0,0.9288553595542908,0.0,1.0,0.0,0.0
128,My own stupidity lost me the match.,Meine eigene Dummheit hat mich das Match verloren.,0,2.510625,0.2890448218671149,0.04918994901380165,0.26934317399337526,-0.00020370383041552563,0.0,0.0,0.9359622001647949,0.0,0.522,0.478,-0.6705
129,Georgy Porgy was a naughty boy.,Georgy Porgy war ein ungezogener Junge.,0,1.758,0.07238935157259317,-0.190195162154675,0.41107875780811676,0.152168982573449,-0.05206666666666667,0.0,0.9320410490036011,0.0,0.667,0.333,-0.3612
130,Have you heard the glad tidings?,Hast du die frohen Botschaft gehört?,0,2.1908333333333334,0.2863843320407496,0.03597881219554988,0.3114445830610441,-0.016189532250772153,0.02273333333333333,1.0,0.8648374676704407,0.375,0.625,0.0,0.4588
131,Give me a boost over the fence.,Gib mir einen Schub über den Zaun.,0,3.161142857142857,0.29490612709043384,0.07531424931398188,0.22000915076951583,-0.001854760097235997,0.0,0.0,0.9037196636199951,0.0,1.0,0.0,0.0
132,Cross me and you'll regret it.,Überquere mich und du wirst es bereuen.,0,0.49914285714285717,0.23453544472488735,-0.3276495430768359,0.2859394673305082,0.04635303922726433,0.0,-1.0,0.8815334439277649,0.0,1.0,0.0,0.0
133,He finagled me out of my property.,Er hat mich aus meinem Eigentum geflossen.,0,1.848285714285714,0.35424790061455225,0.15674390240731148,0.2143014092917159,0.01054371991694881,0.0,0.0,0.41160261631011963,0.0,1.0,0.0,0.0
134,All steamed up over the real thing.,Alles in der Realität gedämpft.,0,2.4862,0.39482521408964993,0.3003533222634926,0.17853215319843485,0.025255771150916862,0.0,0.0,0.8354138135910034,0.0,0.741,0.259,-0.1027
135,Why can't they leave my pussy alone?,Warum können sie meine Muschi nicht alleine lassen?,0,1.549625,0.3182567624346506,-0.1315922664090754,0.39524920552322484,0.2087224281456747,0.0,0.0,0.9017795920372009,0.0,1.0,0.0,0.0
136,We decided to give it a whirl.,"Wir haben uns entschlossen, es zu wirbeln.",0,1.1391428571428572,0.5582060035043878,0.4402815473450329,0.30503465644977007,0.16616202557997362,0.0,0.0,0.8546456098556519,0.277,0.723,0.0,0.3182
137,She would be crushed between them.,Sie würde zwischen ihnen niedergeschlagen werden.,0,1.8055,0.5268643581931477,0.386103170979281,0.24996251486245075,0.14642988744063148,-0.03118333333333333,-0.7,0.9210242629051208,0.0,0.625,0.375,-0.4588
138,I've got a job in the bag.,Ich habe einen Job in der Tasche.,0,3.172285714285714,0.39799723848534074,0.20894727411322106,0.19169664223133662,-0.09972178380525018,0.0,0.0,0.2379990816116333,0.0,1.0,0.0,0.0
139,It was a moment of madness.,Es war ein Moment des Wahnsinns.,0,2.2593333333333336,0.45758678425342036,0.22599622827284732,0.20430074026739645,0.09283837037252501,0.0,0.0,0.934721827507019,0.286,0.714,0.0,0.25
140,Don't use your credit card willy-nilly.,Verwenden Sie Ihre Kreditkarte nicht Willy Nill.,0,2.089857142857143,0.31337280904933607,-0.05118379359837434,0.26779050580694974,0.09543895391377037,0.0,0.0,0.8466755151748657,0.0,1.0,0.0,0.0
141,Those children are thoroughly spoilt!,Diese Kinder sind gründlich verwöhnt!,0,0.8460000000000001,0.3498384536873685,0.11697580353415013,0.21657670567111187,0.12633103402177848,0.0,-0.7,0.9194495677947998,0.674,0.326,0.0,0.7345
142,Her heart gave an unsteady lurch.,Ihr Herz gab einen unsicheren Stich.,0,1.6896666666666667,0.3205793714085784,-0.0500142888162491,0.22921138635850183,0.03345020085775692,-0.10446666666666667,-0.7,0.9103331565856934,0.0,0.694,0.306,-0.296
143,The football game is yours.,Das Fußballspiel gehört dir.,0,1.9797500000000001,0.217723000057463,-0.0005460644026355107,0.0,0.0,0.0,0.0,0.8964000940322876,0.0,1.0,0.0,0.0
144,Is this a safety razor blade?,Ist das eine Sicherheitsrasierklinge?,0,2.17425,0.5732376780264791,0.5216377277759786,0.22855134482857906,0.08412441213621455,0.0,0.0,0.8624006509780884,0.0,1.0,0.0,0.0
145,These are unquestionable facts.,Dies sind unbestreitbare Tatsachen.,0,0.72725,0.15464419047828556,-0.09647286261770209,0.3151776157947689,0.10501569311344139,0.001,0.7,0.8878802061080933,0.268,0.732,0.0,0.0258
146,I gotta get outta here!,Ich muss hier rauskommen!,0,1.84275,0.4712016829318315,0.4257220332775717,0.23153775598855406,0.12869090151241855,0.0,0.0,0.9142659902572632,0.0,1.0,0.0,0.0
147,All their advice was swept aside.,Alle ihre Ratschläge wurden beiseite gefegt.,0,0.6606666666666666,0.30055026400039975,0.055354151241401646,0.35291788237683885,0.24951835860307298,0.0,0.0,0.8644629120826721,0.0,1.0,0.0,0.0
148,He's pranged his new bike.,Er hat sein neues Fahrrad abgebaut.,0,2.6613333333333333,0.4337107930794452,0.22012892838047945,0.27447115617508755,0.1389280172554526,0.0006666666666666666,0.0,0.023806452751159668,0.367,0.633,0.0,0.4404
149,I always cry when I'm chopping onions.,"Ich weine immer, wenn ich Zwiebeln hacke.",0,0.8347142857142857,0.35170122096989936,0.089492166500912,0.4072303616208215,0.1876111003439192,-0.023585714285714286,0.0,0.893002450466156,0.0,0.69,0.31,-0.4019
150,Can't you give me a straight yes or no?,Kannst du mir nicht ein klares Ja oder nein geben?,0,1.6082,0.3204012963037571,0.05170447601460538,0.29356959378423125,0.05255647771017935,0.0004,0.0,0.8945576548576355,0.0,0.821,0.179,-0.2411
151,Bugger it! I've burnt the toast.,Mangel es! Ich habe den Toast verbrannt.,0,2.7275714285714288,0.2362990149947607,0.014286045101110938,0.2641032100390904,-0.016848694325592613,-0.0006857142857142857,0.0,0.9260883331298828,0.0,0.667,0.333,-0.4574
152,I'll enclose his letter with mine.,Ich werde seinen Brief mit meinem beischließen.,0,1.5331428571428571,0.41652158524730226,0.24715897316163485,0.31146949599754625,0.03027134657617503,0.0,0.0,0.033618152141571045,0.0,1.0,0.0,0.0
153,Sweeney Todd: How about a shave?,Sweeney Todd: Wie wäre es mit einer Rasur?,0,1.0065,0.38646129263304657,0.007600855493426465,0.2168714117651846,0.09708287490440498,0.0,0.0,0.029452383518218994,0.0,1.0,0.0,0.0
154,The Pasha's overseer struck my father.,Der Aufseher des Paschas traf meinen Vater.,0,1.8677142857142857,0.19073376715490806,-0.008436156872082731,0.31227304059162686,0.10102276420581831,0.0,0.0,0.02677077054977417,0.0,1.0,0.0,0.0
155,He was selfish and uncaring.,Er war egoistisch und lieblos.,0,1.4049999999999998,0.3351406573136387,0.044187521411446634,0.3710058880842367,0.312640407111335,0.0,-0.85,0.9209612011909485,0.0,0.375,0.625,-0.6124
156,My car only has a puny little engine.,Mein Auto hat nur einen mickrigen kleinen Motor.,0,1.9455,0.2767071058274412,-0.22038836360871966,0.22775965435419185,0.1282707774120277,-0.0339375,0.0,0.9113225340843201,0.0,0.833,0.167,-0.1027
157,I'm going to play you a Bach fugue.,Ich werde dir eine Bach -Fuge spielen.,0,1.544,0.38414190721048236,0.1726479637501684,0.25103558927973985,0.019458965798367502,0.0,0.0,0.9192819595336914,0.0,1.0,0.0,0.0
158,Her face crinkled up in disgust.,Ihr Gesicht riss angewidert.,0,3.39825,0.3208866746705972,0.24169734345982918,0.4088133575405806,0.2717851806420907,0.0,0.0,0.9114570021629333,0.0,1.0,0.0,0.0
159,I've blown a fuse.,Ich habe eine Sicherung geblasen.,0,2.6304000000000003,0.3505303649865539,0.11144799190318128,0.18600785524631266,0.06686881478575789,0.0,0.0,0.22737908363342285,0.0,1.0,0.0,0.0
160,What the heck is that?,Was zur Hölle ist das?,0,1.0364,0.4059522956000627,0.24462207415921053,0.12350467867878087,0.05549402047826158,0.0,0.0,0.9352116584777832,0.0,0.482,0.518,-0.6486
161,Her new dress fits her like a glove.,Ihr neues Kleid passt zu ihr wie ein Handschuh.,0,1.4408888888888889,0.4311828323564398,0.14065078614759502,0.2998273715664798,0.08051491111238049,0.00044444444444444447,0.0,0.8510453701019287,0.266,0.734,0.0,0.4404
162,They gave us a hearty wel-come.,Sie gaben uns ein herzhaftes Welken.,0,0.8356666666666667,0.23954912784189472,-0.15062323932584964,0.2768952521354452,0.04577028831720301,0.012450000000000001,0.0,0.9164254069328308,0.378,0.408,0.214,0.3818
163,He spewed up all over my jacket.,Er spuckte über meine Jacke.,0,2.7154000000000003,0.20102380771937386,-0.05302298459895258,0.3787528593181197,0.2569505403421097,0.0,0.0,0.05408370494842529,0.0,1.0,0.0,0.0
164,Whatever made him buy that jacket?,"Was hat ihn dazu gebracht, diese Jacke zu kaufen?",0,0.7824444444444444,0.5170822563731853,0.12054800511967322,0.3282062386902903,0.1688513966559337,0.0,-0.7,0.7321184873580933,0.0,1.0,0.0,0.0
165,The lamb was a puny little thing.,Das Lamm war eine mickrige kleine Sache.,0,3.2104285714285714,0.3689012211792019,0.10602737453130176,0.21485607884586685,0.06576389485214952,-0.03878571428571429,0.0,0.9392311573028564,0.0,0.811,0.189,-0.1027
166,Prejudice is the child of ignorance,Vorurteile sind das Kind der Unwissenheit,0,3.205166666666667,0.2721787770290739,0.06566542587378861,0.25629457965265656,0.046344017441340805,-0.10435,0.0,0.9257164001464844,0.0,0.449,0.551,-0.5994
167,It'll do the trick.,Es wird den Trick machen.,0,2.1622,0.4284525587240747,0.23108928035780765,0.25080578283035726,0.14064850364752501,0.0,0.0,0.9202735424041748,0.0,1.0,0.0,0.0
168,Don't let your dreams just be dreams.,Lass deine Träume nicht nur Träume sein.,0,1.1457142857142857,0.4593568668012096,0.25618796666233284,0.38239824526797067,0.21492880808366763,0.0,0.0,0.915351927280426,0.0,1.0,0.0,0.0
169,Saturday night at the dance hall.,Samstagabend in der Tanzhalle.,0,3.539,0.26927903067860237,0.08887605316472734,0.3532919262147033,0.2920240884302647,0.0,0.0,0.022975623607635498,0.0,1.0,0.0,0.0
170,Don't sweat Vanessa; she's an adult.,Schwitzen Sie nicht Vanessa; Sie ist eine Erwachsene.,0,1.32225,0.4590763082603148,0.04600265253196607,0.3090318896849685,0.10841748354393699,0.0,0.0,0.8913453817367554,0.0,1.0,0.0,0.0
171,Drinks were the overture to dinner.,Getränke waren die Ouvertüre zum Abendessen.,0,1.4336666666666666,0.2759464005280214,0.08396129257346151,0.16300270318461774,0.07172891186766613,0.0,0.0,0.02571052312850952,0.0,1.0,0.0,0.0
172,Mustn't blot my copybook by being late.,Ich darf mein Exemplar nicht verspätet haben.,0,1.2141428571428572,0.30623189705084164,0.09375976013630265,0.3380478725194157,0.2104713634052598,0.0,0.0,0.845197319984436,0.178,0.822,0.0,0.0762
173,Fate has willed it otherwise.,Das Schicksal hat es sonst gewollt.,0,2.764666666666667,0.4851013212899273,0.3242502615907195,0.2859917370914813,0.17097322399310755,0.0,0.0,0.8304792046546936,0.0,1.0,0.0,0.0
174,I've been with my girl for nine years.,Ich bin seit neun Jahren bei meinem Mädchen.,0,1.5482500000000001,0.37503017488354873,0.1548878831689907,0.19774489079191032,-0.09461757681066549,0.0,0.0,0.026393413543701172,0.0,1.0,0.0,0.0
175,Phoebe needs a new kitchen maid.,Phoebe braucht eine neue Küchenmädchen.,0,3.1546,0.26574680077323204,0.0730574947888357,0.2946738035155229,0.21225304790242422,0.0008,0.0,0.47054100036621094,0.42,0.58,0.0,0.4404
176,She decamped with a lover.,Sie entkämpfte mit einem Liebhaber.,0,0.9116,0.5753775646713624,0.5304787142409695,0.21225255348957134,0.10429762554005677,0.0,0.0,0.029582619667053223,0.0,1.0,0.0,0.0
177,He fell over himself for fame.,Er fiel wegen Ruhmes über sich.,0,2.1988333333333334,0.3045022463066111,0.02298807524265696,0.3385662736562447,0.2058083057212837,-0.03521666666666667,0.0,0.7591871619224548,0.337,0.449,0.213,0.2732
178,John is a true sister under the skin.,John ist eine wahre Schwester unter der Haut.,0,3.4995,0.40153476000361427,0.22835461791480166,0.1697064100578207,-0.030746383445425705,0.0005,1.0,0.9167331457138062,0.247,0.753,0.0,0.3182
179,How I spend my money is my affair.,"Wie ich mein Geld ausgehe, ist meine Angelegenheit.",0,1.138375,0.4647356668768735,0.2910042626484209,0.28528598729693083,0.018933767249451783,0.0,0.0,0.8749022483825684,0.0,1.0,0.0,0.0
180,That lamp's shining in my eyes.,Diese Lampe scheint in meinen Augen.,0,2.2695000000000003,0.32083891548584426,0.09687783119245345,0.2903057471373214,0.12910697122800532,0.0,0.0,0.9096346497535706,0.0,1.0,0.0,0.0
181,Her accent betrays her a Londoner.,Ihr Akzent verrät ihr einen Londoner.,0,1.39,0.4031146307861397,0.19734011088372239,0.34850868868589807,0.1430388997352677,-0.03478333333333333,0.0,0.8878780603408813,0.0,0.602,0.398,-0.5106
182,Don't shoot I surrender.,"Schieß nicht, ich erging mir.",0,0.0,0.12537985368795143,0.03770549045307806,0.23069025607640622,0.23069025607640622,0.0,0.0,0.8886800408363342,0.0,1.0,0.0,0.0
183,You can scratch my name off the list.,Sie können meinen Namen von der Liste kratzen.,0,2.2966249999999997,0.4029120328656571,0.14269632900802592,0.18574943049776074,0.04155912401719912,0.0,0.0,0.9020997881889343,0.0,1.0,0.0,0.0
184,Have you no shame?,Hast du keine Schande?,0,1.12525,0.3986089127940829,0.3019778023396779,0.2417724885953185,0.014101851135142729,0.0,0.0,0.9027014970779419,0.474,0.526,0.0,0.4023
185,"Bright, dolorous, sonsy and memorable.","Hell, dolorös, einy und unvergesslich.",0,0.0,0.0,0.0,0.0,0.0,0.0,0.7,0.9405051469802856,0.394,0.606,0.0,0.3818
186,She has the makings of a good lawyer.,Sie hat das Zeugnis eines guten Anwalts.,0,1.300142857142857,0.430206891448364,0.27478613657642537,0.19755980546184262,0.025070214195556665,0.053085714285714285,1.0,0.7963027358055115,0.341,0.659,0.0,0.4767
187,That frock shows your petticoat.,Dieses Kleid zeigt Ihren Petticoat.,0,1.5908,0.39155377775534966,0.2554554057861286,0.2329837734675836,-0.051546468740204285,0.0,0.0,0.029335498809814453,0.0,1.0,0.0,0.0
188,Hel - lo! Hel - lo! Where are you from?,Hallo! Hallo! Woher kommst du?,0,0.0,0.3993662665180061,0.3993662665180061,0.6407348674178379,0.6407348674178379,0.0,0.0,0.7509379386901855,0.0,1.0,0.0,0.0
189,He's a plastic surgeon,Er ist ein plastischer Chirurg,0,3.3922,0.29946118663002297,0.048707798632594654,0.29752167611186436,0.19657605131159037,0.0,0.0,0.028035223484039307,0.0,1.0,0.0,0.0
190,It all makes $377 seem a bargain.,Alles lässt 377 US -Dollar ein Schnäppchen erscheinen.,0,1.7087500000000002,0.22759701181163608,-0.12854127623462305,0.14878995628308597,0.056648810229588516,0.0,0.0,0.8763837218284607,0.3,0.7,0.0,0.4588
191,It has been a phoney war.,Es war ein falscher Krieg.,0,1.7016000000000002,0.4017920472022958,0.15018262679351202,0.24568604078356504,0.16174049588459805,-0.15236,-1.0,0.9215012192726135,0.0,0.312,0.688,-0.765
192,Bet you wish you'd arrived earlier.,"Ich wünschte, Sie hätten früher angekommen.",0,0.7596666666666666,0.43510929215255323,0.33718753340738156,0.17449556971612135,0.17449556971612135,0.0,0.0,0.9096407890319824,0.0,1.0,0.0,0.0
193,He wants to put a bug in her ear.,Er will einen Käfer in ihr Ohr legen.,0,4.12575,0.33356864355856775,0.08841365802255322,0.2430093005972817,0.057407633126414476,0.0,0.0,0.8650799989700317,0.0,1.0,0.0,0.0
194,Who the heck are you?,Wer zum Teufel bist du?,0,1.073,0.38062966619237054,0.2434364485477564,0.33342497546638006,0.0888465475162997,0.0,0.0,0.9263380765914917,0.0,1.0,0.0,0.0
195,She doled him out a plateful of stew.,Sie dolierte ihn einen Teller Eintopf.,0,2.0546666666666664,0.3957955738653973,0.17041342688044156,0.2791591766710489,0.1260711271630374,0.0,0.0,0.024330556392669678,0.0,1.0,0.0,0.0
196,Opportunity makes the thief.,Gelegenheit macht den Dieb.,0,3.04075,0.4431653267728309,0.3655429811681978,0.2777613882746317,0.1337897525692203,0.0,0.0,0.7248436808586121,0.308,0.256,0.436,-0.25
197,Don't tread your ash into my carpet!,Treten Sie Ihre Asche nicht in meinen Teppich!,0,2.292875,0.39634099057973377,0.16436756821877807,0.25240310532815846,0.09367442733520463,0.0,0.0,0.9127000570297241,0.0,1.0,0.0,0.0
198,Stand by for our Christmas competition.,Stellen Sie sich für unseren Weihnachtswettbewerb bereit.,0,1.2462857142857142,0.42670111258249505,0.1964352290821985,0.29792166286220934,0.22245676685060095,0.0,0.0,0.4997580647468567,0.231,0.769,0.0,0.2023
199,Wake up the sleeping giant in you,Wach den schlafenden Riesen in dir auf,0,3.127,0.23154294518237192,0.0036799133371922792,0.28295629459213917,-0.002810213587179225,0.0,0.7,0.923911988735199,0.0,1.0,0.0,0.0
200,I'm not going to take this crap any more.,Ich werde diesen Mist nicht mehr aufnehmen.,1,1.2068571428571429,0.45143970023567354,0.09404195052185857,0.3796820233767666,0.12654176410184173,0.0,0.0,0.9201776385307312,0.0,0.714,0.286,-0.34
201,The new movie is a killer.,Der neue Film ist ein Killer.,1,3.2771666666666666,0.48620343505023317,0.34720565301110473,0.21076874926721476,0.08512576272660377,0.0006666666666666666,0.0,0.9306328296661377,0.367,0.633,0.0,0.4404
202,Her nerves were stretched to breaking point.,Ihre Nerven wurden bis zum Bruchpunkt gestreckt.,1,1.633571428571429,0.22300158446756785,-0.25481940946000703,0.26234972364123926,0.026352264398070212,0.0,-1.0,0.02521568536758423,0.0,0.698,0.302,-0.3818
203,Being totally alone is my idea of hell on earth.,Ganz allein zu sein ist meine Vorstellung von der Hölle auf Erden.,1,3.080250000000001,0.42739078753706805,0.240984109399254,0.23439648799780144,-0.009712383094532102,0.0,-0.7,0.9304671287536621,0.0,0.719,0.281,-0.6486
204,I nearly died of shame!,Ich bin fast vor Scham gestorben!,1,3.356333333333333,0.3353555011643903,0.0939466051911966,0.30473558675400136,0.04857684508683453,0.0,0.0,0.9344774484634399,0.0,0.657,0.343,-0.3846
205,My patience is almost worn away by their endless quarrel.,Meine Geduld wird fast durch ihren endlosen Streit abgenutzt.,1,2.6067777777777774,0.28761272404399973,0.02283799010603784,0.2934717906730989,0.02749652241872252,0.0,0.0,0.9391764998435974,0.201,0.432,0.367,-0.3182
206,The island is truly a heaven on earth.,Die Insel ist wirklich ein Himmel auf Erden.,1,3.7038749999999996,0.3929090494604069,0.21633783138859242,0.2122033146022055,-0.016175874087521264,0.0,1.0,0.9162548184394836,0.0,1.0,0.0,0.0
207,Your son's a little demon.,Dein Sohn ist ein kleiner Dämon.,1,1.9053333333333333,0.3834538173719094,0.26318101656207676,0.198495123180593,-0.09315005462485726,-0.045250000000000005,0.0,0.9313721060752869,0.0,0.781,0.219,-0.1027
208,He has an endless supply of corny jokes.,Er hat einen endlosen Vorrat an kitschigen Witzen.,1,2.1618749999999998,0.24939172878806415,-0.05909928670868265,0.3630338984157343,0.1327461150565672,0.0,0.0,0.9432656764984131,0.176,0.824,0.0,0.128
209,His last film was hysterical.,Sein letzter Film war hysterisch.,1,2.6363999999999996,0.46161303841410145,0.3357413565232606,0.3032273813438237,0.182313852489792,0.0,-1.0,0.9342525601387024,0.0,0.615,0.385,-0.3612
210,Only an idiot would do that.,Nur ein Idiot würde das tun.,1,3.034333333333333,0.3527354126372143,0.035953336632307806,0.22807773046146945,0.12172811697350476,0.0,0.0,0.9287819266319275,0.0,0.617,0.383,-0.4767
211,I couldn't understand a single word she said!,"Ich konnte kein einziges Wort verstehen, das sie sagte!",1,0.9835555555555556,0.4394303391089296,0.23659167781243817,0.25347839015051216,0.012375500700151634,0.0,0.0,0.9160351157188416,0.183,0.817,0.0,0.2003
212,Something seemed to tighten and die inside her.,Etwas schien sich zu straffen und in ihr zu sterben.,1,1.2619,0.41536221976280857,0.02010443124603367,0.3185616922168576,0.11192771269822017,0.0,0.0,0.8861401677131653,0.0,0.677,0.323,-0.6486
213,He carried on his life in the full glare of publicity.,Er führte sein Leben im vollen Blick der Werbung.,1,3.056555555555556,0.43654995824528076,0.21068814420959328,0.2142931009970546,-0.0054943591040857095,0.00044444444444444447,0.0,0.8484613299369812,0.223,0.777,0.0,0.3182
214,Youth means limitless possibilities.,Jugend bedeutet grenzenlose Möglichkeiten.,1,2.33175,0.10370430845265763,0.024617087834988064,0.29386851663422076,0.08199771316805476,0.002,0.7,0.9132343530654907,0.875,0.125,0.0,0.7184
215,Nothing could have been more repugnant to him.,Nichts hätte ihm abstoßender sein können.,1,0.584,0.33840598465465865,-0.1125481325790064,0.35297872089421983,0.2871889031484946,-0.09765,0.0,0.9272115230560303,0.338,0.662,0.0,0.3724
216,Many words cut [hurt] more than swords,Viele Wörter schneiden mehr als Schwerter als Schwerter,1,2.229,0.32584565970510837,0.09232857981178529,0.3558259093624275,0.13040888694613112,0.0,0.0,0.756001889705658,0.0,1.0,0.0,0.0
217,His fans agree that chef Julian 's food is beyond compare.,"Seine Fans sind sich einig, dass das Essen von Chef Julian nicht vergleichen ist.",1,2.3901428571428576,0.3714231446470023,-0.07068280958145447,0.20748145344706562,-0.03729906444066803,0.0,0.0,0.06983679533004761,0.0,1.0,0.0,0.0
218,Yet we must never underestimate sin's deadliness.,Dennoch dürfen wir niemals die Tödlichkeit der Sünde unterschätzen.,1,2.5055555555555555,0.2795397234503656,-0.15812588101125286,0.32227148168845626,-0.02688036197650337,0.0,-0.7,0.9289757013320923,0.0,1.0,0.0,0.0
219,He is probably up to his neck in debt.,Er ist wahrscheinlich schulden zu seinem Nacken.,1,1.5358571428571426,0.4388216995553702,0.16357322353776374,0.24712137446357077,0.05937147792153339,-0.13837142857142856,0.0,0.9359146952629089,0.0,0.723,0.277,-0.3182
220,He is plunging into an abyss of despair.,Er stürzt in einen Abgrund der Verzweiflung.,1,3.295142857142857,0.37313156810198117,0.1543754137833751,0.2652022582499985,0.057407633126414476,-0.028214285714285716,0.0,0.931373655796051,0.0,0.32,0.68,-0.8176
221,But it takes a life time to forget sb.,"Aber es braucht eine Lebenszeit, um SB zu vergessen.",1,1.7816666666666667,0.4411303422988968,0.043286070223069725,0.23363002898663648,0.08068184195317782,0.0,-0.7,0.9184862971305847,0.0,1.0,0.0,0.0
222,He's made an absolute shambles of his career.,Er hat absolute Trümmer seiner Karriere gemacht.,1,2.6014285714285714,0.3407698463689032,0.041249841547088016,0.28527783834959974,0.17932902702903125,0.03454285714285714,0.7,0.9326766729354858,0.2,0.8,0.0,0.128
223,I was all of a sweat before the exam.,Ich war vor der Prüfung ein Schweiß.,1,2.7537142857142856,0.4103751631419842,0.22859871648293892,0.14492265813510025,-0.004821028055260083,0.0,0.0,0.902069628238678,0.0,1.0,0.0,0.0
224,Gosh! My muscles is going to ache all over tomorrow.,Meine Güte! Meine Muskeln werden morgen überall schmerzen.,1,2.8072500000000002,0.33453764216004156,0.049093126932765636,0.32376497365744905,0.06686700356576603,0.0,-0.5,0.9252306222915649,0.228,0.488,0.284,-0.1759
225,From the sublime to the ridiculous is only one step,Von der Erhabenen bis zum Lächerlichen ist nur ein Schritt,1,2.5223,0.34474221355460727,-0.028442844169654438,0.2287434650086771,0.11754634308911412,-0.06434999999999999,-1.0,0.9376981258392334,0.0,0.783,0.217,-0.3612
226,A walk in the fresh air will pep me up.,Ein Spaziergang in der frischen Luft wird mich aufschlagen.,1,3.528777777777778,0.29952541700610347,0.10428968133227871,0.22396136296911545,-0.04595408583887511,0.0,0.0,0.9107009768486023,0.0,0.825,0.175,-0.1779
227,Beauty lies in the love's eyes.,Schönheit liegt in den Augen der Liebe.,1,2.441714285714286,0.38236472473369,0.20443910834719595,0.2026348142705243,0.017122010295658928,0.0,0.0,0.9130026698112488,0.627,0.373,0.0,0.8555
228,It drives me up the wall.,Es treibt mich die Wand hoch.,1,2.3708333333333336,0.33421208632126087,0.2291437610203227,0.2830025187885724,0.09494388454813214,0.0,0.7,0.9163698554039001,0.315,0.685,0.0,0.3182
229,"Standing there, on top of the world, my tiredness vanished.","Als ich dort stand, ist meine Müdigkeit auf der Welt.",1,2.128,0.34940036060348706,0.05516864782410432,0.1874785312394427,-0.002324502586893938,0.0,0.0,0.9367249608039856,0.0,0.804,0.196,-0.296
230,"If one day I can forget you, how I wish is now.","Wenn ich eines Tages dich vergessen kann, wie ich es mir wünsche, ist es jetzt.",1,1.0356666666666667,0.4982670571273472,0.23060619317566486,0.30859747525069314,0.018933767249451783,0.0,-0.7,0.8882174491882324,0.0,1.0,0.0,0.0
231,So much for complete bloody control.,Soviel zur vollständigen blutigen Kontrolle.,1,0.0,0.15836980016636204,0.02922871715457736,0.2520907473080678,0.16451339824784267,-0.00902,-1.0,0.9299229383468628,0.31,0.345,0.345,-0.0772
232,The novel spun a miasma of death and decay.,Der Roman drehte ein Miasma des Todes und des Verfalls.,1,1.7073,0.30263856104809694,-0.07262538631638989,0.25534467592651494,0.02286860196414843,-0.00697,0.0,0.8446803689002991,0.0,0.519,0.481,-0.8126
233,Her illness was Nature's way of telling her to do less.,"Ihre Krankheit war die Art der Natur, ihr zu sagen, sie solle weniger tun.",1,1.2237142857142858,0.4782959719538915,0.24239645076864505,0.266302424202799,0.04976493133382673,0.0,0.0,0.8836864829063416,0.0,0.793,0.207,-0.5267
234,Her children's death is a fatal blow on her.,Der Tod ihrer Kinder ist ein tödlicher Schlag für sie.,1,2.4858000000000002,0.3760733352587177,0.0780793372390249,0.21258218427628073,-0.05614591282735501,-0.03487,0.0,0.9383440613746643,0.0,0.372,0.628,-0.9153
235,Get out! Or she'll zap you into a frog!,Geh raus! Oder sie wird dich in einen Frosch zappen!,1,2.0429000000000004,0.3337926803404654,0.12681478219489642,0.20526557399260453,-0.07132120168244975,0.0,0.0,0.9370763301849365,0.0,1.0,0.0,0.0
236,Therefore the Venetian world makes him their scapegoat.,Deshalb macht ihn die venezianische Welt zu ihrem Sündenbock.,1,1.5122222222222221,0.45695804056611317,0.08881200323724726,0.30502955073463034,0.16244360344305045,0.0,0.0,0.9393798112869263,0.19,0.556,0.254,-0.2023
237,You mean the world to me.,Du bedeutest die Welt für mich.,1,2.143333333333333,0.4161670024832413,0.277607788950829,0.1417674057844487,-0.016189532250772153,0.0006666666666666666,0.0,0.9015946388244629,0.275,0.725,0.0,0.2263
238,That's a lot/a load of bull!,Das ist viel/eine Ladung Bulle!,1,2.0490000000000004,0.3290394772268866,0.20917086028490348,0.1989724407953823,0.1097854357706717,0.0,0.0,0.9369572401046753,0.0,1.0,0.0,0.0
239,That political statesman is full of ambition.,Dieser politische Staatsmann ist voller Ehrgeiz.,1,1.6071666666666669,0.31401057145402445,0.08636983788329712,0.2205008662329081,0.11105040108187553,0.0,0.0,0.941178560256958,0.0,1.0,0.0,0.0
240,Peter let the bottle ruin his life.,Peter ließ die Flasche sein Leben ruinieren.,1,3.752857142857143,0.3722072519257069,0.1214693323982607,0.16930145252951184,0.07246444953979053,0.0,-1.0,0.7302025556564331,0.0,1.0,0.0,0.0
241,I've never been so glad to see anyone in my life!,"Ich war noch nie so froh, jemanden in meinem Leben zu sehen!",1,1.7004166666666667,0.44794239321126994,0.1307637381443192,0.28637362996935234,-0.09972178380525018,0.0,1.0,0.9214774370193481,0.0,0.763,0.237,-0.5288
242,It a disease which threatens to eradicate them all.,"Es ist eine Krankheit, die droht, sie alle auszurotten.",1,1.300888888888889,0.6150745481317341,0.48436325366703464,0.28084343622634406,-0.06965893100545469,0.0,-1.0,0.9074759483337402,0.0,0.364,0.636,-0.8885
243,He's a perfect philistine.,Er ist ein perfekter Philister.,1,1.9462,0.38329890091671553,0.11108177099850979,0.2963694183658772,0.21705867591546948,0.14598,1.0,0.9175060987472534,0.512,0.488,0.0,0.6369
244,"No act of kindness, no matter how small, is ever wasted","Kein Akt der Güte, egal wie klein, wird jemals verschwendet",1,1.4114,0.27274236505510213,-0.052103300752296196,0.2997729183786176,0.1068220220787646,-0.00494,0.0,0.9314314126968384,0.201,0.504,0.295,-0.0772
245,There is nothing more truly artistic than to love people,"Es gibt nichts wirklich künstlerischeres, als Menschen zu lieben",1,1.5652222222222223,0.48267369488896744,0.24683575642269046,0.29930860581427127,0.1125687455426805,0.012566666666666667,0.25,0.9240460395812988,0.251,0.585,0.164,0.2589
246,Her skull was crammed with too many thoughts.,Ihr Schädel war mit zu vielen Gedanken zusammengefasst.,1,1.482125,0.3805736903373814,0.10741424598780552,0.23064326249718198,0.10771207596786782,0.0,0.0,0.8832148909568787,0.0,1.0,0.0,0.0
247,He was a bureaucrat to the core.,Er war ein Bürokraten im Kern.,1,2.260333333333333,0.3360973425483275,-0.026268840000259485,0.24917127881279988,0.17262037029841223,0.0,0.0,0.5035915970802307,0.0,1.0,0.0,0.0
248,The sheer audacity of the man took my breath away.,Die schiere Kühnheit des Mannes holte mir den Atem.,1,2.2234444444444446,0.19970850040646004,-0.04459934485984925,0.241082371661145,-0.013542718636429734,0.0,0.0,0.9380525350570679,0.0,1.0,0.0,0.0
249,They kissed each other with unashamed delight.,Sie küssten sich gegenseitig mit ungeräuchter Freude.,1,1.2741428571428572,0.31652832050877605,-0.018535563911524475,0.2504478605645162,0.1342371955225182,0.0,0.0,0.7121216654777527,0.381,0.619,0.0,0.5719
250,It's hot enough to melt hell!,"Es ist heiß genug, um die Hölle zu schmelzen!",1,1.8306666666666667,0.40136081546012736,0.15572342411649231,0.24472137885395875,0.11238231051158538,0.0,0.7,0.9335380792617798,0.2,0.483,0.317,-0.4003
251,She's as pretty as a picture.,Sie ist so hübsch wie ein Bild.,1,2.128857142857143,0.4745035928425495,0.1619635717004611,0.2396089897855668,0.08051491111238049,0.0,1.0,0.9249704480171204,0.428,0.572,0.0,0.6696
252,She felt fenced in by domestic routine.,Sie fühlte sich von häuslicher Routine eingezäunt.,1,0.8984285714285714,0.24534491384703444,0.03241846888649714,0.24219913023006034,0.1658009964201061,0.0,0.0,0.2779697775840759,0.0,1.0,0.0,0.0
253,He's a poor liar; anyone can see through him.,Er ist ein armer Lügner; Jeder kann durch ihn sehen.,1,1.5125,0.4376326284981412,0.06471875839287716,0.2448785802784034,0.046564668408607984,-0.04546,-1.0,0.9393378496170044,0.0,0.63,0.37,-0.5719
254,She's always whingeing about how unfair everything is.,"Sie macht immer darüber, wie unfair alles ist.",1,1.48725,0.4480402689566,0.12747923965049524,0.3709615739771207,0.2060407132300202,0.0,-1.0,0.9148184657096863,0.22,0.55,0.229,-0.0258
255,The battle/election was a complete and utter rout.,Die Schlacht/Wahl war ein vollständiger und völliger Rout.,1,1.4615,0.34595691219865365,0.10609487996121708,0.24966770261717733,0.0001032541638405611,0.0005,0.0,0.938393771648407,0.278,0.722,0.0,0.4019
256,The paddy field becomes the sea of love and joy.,Das Reisfeld wird zum Meer der Liebe und Freude.,1,3.166555555555556,0.3453154704788367,-0.04039600622414161,0.23194327098638362,0.01481684376552743,0.012566666666666667,0.0,0.9023073315620422,0.545,0.455,0.0,0.8555
257,Latin is a dead language.,Latein ist eine tote Sprache.,1,3.1168,0.27440353025889735,0.054546186261357765,0.16529096186454165,0.11422341888127863,-0.03366,-1.0,0.9297044277191162,0.0,0.471,0.529,-0.6705
258,She's an incorrigible flirt!,Sie ist ein unverbesserlicher Flirt!,1,1.0028000000000001,0.5792840553208044,0.4959936154537269,0.27539429944980504,0.10491169671897879,-0.08726,0.0,0.9373548626899719,0.0,0.636,0.364,-0.3164
259,That sharp bend is a death-trap for motorists.,Diese scharfe Kurve ist eine Todesfalle für Autofahrer.,1,3.117875,0.27681769706015175,-0.08662639589497911,0.31852532579989895,0.11814508071326374,0.0275,0.0,0.9315937757492065,0.0,0.496,0.504,-0.7269
260,They lived in hourly dread of discovery.,Sie lebten in stündlichen Angst vor Entdeckung.,1,2.194714285714286,0.2717465020681146,-0.05212436631810937,0.2255958839232962,0.11389826307403562,0.0,0.0,0.16747057437896729,0.0,0.645,0.355,-0.5106
261,He seems to think he's God's gift to women.,"Er scheint zu glauben, er sei Gottes Geschenk an Frauen.",1,1.9184999999999999,0.43120000818905035,0.23114182870641914,0.2928448446541,-0.017653211268842985,0.0,0.0,0.922897219657898,0.452,0.548,0.0,0.765
262,He was totally without imagination.,Er war völlig ohne Vorstellungskraft.,1,2.164,0.4852736168811991,0.36809941120663664,0.23198908202042354,0.1339932803906353,0.0,0.0,0.9248694777488708,0.0,1.0,0.0,0.0
263,They looked at me as if I had taken leave of my senses.,"Sie sahen mich an, als hätte ich meine Sinne verabschiedet.",1,0.8126000000000001,0.4331216149808911,0.23921289407139984,0.2865284114808049,0.01656999643050544,0.0004,0.0,0.8583770990371704,0.211,0.789,0.0,0.34
264,Nothing was divine any more; everything was profane.,Nichts war mehr göttlich; Alles war profan.,1,0.525,0.5738388780876138,0.38065642135943895,0.32222470199569675,0.08679149337563935,0.0,1.0,0.9224159121513367,0.127,0.531,0.342,-0.4624
265,I tried to drag myself out of the morass of despair.,Ich versuchte mich aus dem Morast der Verzweiflung zu ziehen.,1,2.1887,0.3109672298599282,-0.007313790989600983,0.2633299064611449,-0.027410780975089633,0.0,-0.7,0.9357069134712219,0.0,0.698,0.302,-0.5994
266,All that trading and subterfuge is exhausting.,All dieser Handel und die Unterfuge ist anstrengend.,1,1.733625,0.44412134935491043,0.21245107239988567,0.22571316510324124,0.0909188641262348,0.0,0.0,0.9301512241363525,0.0,0.745,0.255,-0.34
267,He's so angry he's in no fit state to see anyone.,"Er ist so wütend, dass er in keinem fitigen Zustand ist, um jemanden zu sehen.",1,1.6885333333333332,0.4664738421427041,0.1307637381443192,0.2735239225863233,0.0831022427100648,0.0,-1.0,0.9263551235198975,0.0,0.784,0.216,-0.5949
268,I couldn't repress a sigh of admiration.,Ich konnte keinen Seufzer der Bewunderung unterdrücken.,1,1.955,0.24776824060650496,-0.012929803332119738,0.29899845370771716,-0.002324502586893938,0.0,0.0,0.9152190089225769,0.316,0.427,0.256,0.1779
269,The beauty of the scenery bedazed all of us.,Die Schönheit der Landschaft hat uns alle zusammengeschlagen.,1,2.49575,0.4161702763633538,0.2263477385525835,0.24847912254749996,0.043390922397291753,0.0,0.0,0.9372934103012085,0.346,0.654,0.0,0.5719
270,His remark was meant as a shot at me.,Seine Bemerkung war als Schuss auf mich gemeint.,1,2.893125,0.31115240755847795,0.10922440635336751,0.17269453354276493,0.01656999643050544,0.0,0.0,0.501703679561615,0.0,1.0,0.0,0.0
271,He would stoop to any device to win a point.,"Er würde sich zu jedem Gerät bücken, um einen Punkt zu gewinnen.",1,1.965583333333333,0.48873261207094837,0.2727920284403212,0.2630040330777974,0.144563984066466,0.0,1.0,0.8645206093788147,0.225,0.775,0.0,0.4939
272,Each creak of the house made my heart stand still.,Jedes Knarren des Hauses ließ mein Herz still stehen.,1,1.7842222222222222,0.22102292994246847,-0.06876545401590195,0.28500439894068486,0.01119017482794302,0.0,0.0,0.9263292551040649,0.0,1.0,0.0,0.0
273,Even the presidency was handed to him on a plate.,Sogar die Präsidentschaft wurde ihm auf einem Teller übergeben.,1,2.8195555555555556,0.3834184890403022,0.007438854334930913,0.23946954061328152,0.0031409386503955476,0.0,0.0,0.025105655193328857,0.0,1.0,0.0,0.0
274,His face burned with shame.,Sein Gesicht brannte vor Scham.,1,3.3566000000000003,0.32763074636597533,0.19619713584247228,0.259806123600453,0.1715901328914654,-0.0009599999999999999,0.0,0.9031257033348083,0.0,0.38,0.62,-0.5994
275,Never was anything at once so frail and so indomitable.,Nie war etwas auf einmal so gebrechlich und unbezwingbar.,1,2.8114444444444446,0.3930849648803736,-0.04492992473109153,0.3094253288844799,0.09947236714909898,0.0,0.0,0.9350709915161133,0.0,0.681,0.319,-0.5777
276,Sport became the perfect outlet for his aggression.,Sport wurde zum perfekten Ausgang für seine Aggression.,1,2.75075,0.31022244254183157,0.03479371879562738,0.22704437684454976,0.08117740699128242,0.0912375,1.0,0.9256629943847656,0.311,0.444,0.244,0.2263
277,The rain sliced my neck like a miniature guillotine.,Der Regen schnitt meinen Hals wie eine Miniaturguillotine.,1,3.4602499999999994,0.3099737667990015,0.13624388926533998,0.225502886208069,0.060929789119671715,0.0,0.0,0.9165338277816772,0.0,1.0,0.0,0.0
278,The place was a powder keg.,Der Ort war ein Pulverfass.,1,2.8994,0.5282051853356622,0.4594077251052589,0.22863380681805695,0.14151008187252098,0.0,0.0,0.7831655144691467,0.0,1.0,0.0,0.0
279,The answer had come to him in a flash.,Die Antwort war blitzschnell zu ihm gekommen.,1,1.7631428571428571,0.323293306182856,-0.0024843556517063314,0.2878419088038986,0.11225987964805723,0.0,0.0,0.0635414719581604,0.0,1.0,0.0,0.0
280,Her summer collection took the fashion world by storm.,Ihre Sommerkollektion eroberte die Modewelt im Sturm.,1,3.4287142857142854,0.2788374081448186,-0.0376875470047532,0.31613263097504446,0.10150831180082086,0.0,0.0,0.4915863275527954,0.0,1.0,0.0,0.0
281,He's so lazy it's unbelievable.,"Er ist so faul, dass es unglaublich ist.",1,1.917375,0.5136227011230333,0.15875025123133182,0.3400000885334832,0.17474052900701226,0.0,-1.0,0.9364185929298401,0.0,0.684,0.316,-0.5009
282,The media has made unfeeling voyeurs of all of us.,Die Medien haben von uns allen gefühllosen Voyeuren gemacht.,1,1.8600000000000003,0.29167918438997725,-0.20688176279996762,0.21735567131610362,0.036029152320374375,0.0,0.0,0.9355097413063049,0.0,1.0,0.0,0.0
283,Three times he watched his first mate get blown to bits.,"Dreimal sah er zu, wie sein erster Kumpel in Stücke geblasen wurde.",1,2.8670833333333334,0.3152699627233276,0.02577953342662926,0.3172791954516677,0.11379463054746185,0.0,0.0,0.19070768356323242,0.0,1.0,0.0,0.0
284,She'd do anything to save her own hide.,"Sie würde alles tun, um ihr eigenes Versteck zu retten.",1,0.944,0.4595600729473126,0.25251334877328585,0.29502424582819137,0.1617818446313632,0.0,0.0,0.8488674163818359,0.274,0.726,0.0,0.5267
285,Chuck's acting like a complete dick.,Chuck benimmt sich wie ein kompletter Schwanz.,1,1.711,0.235612475701923,-0.005821553382060643,0.27383956166004614,0.08051491111238049,0.0005714285714285715,0.0,0.9272315502166748,0.245,0.51,0.245,0.0
286,My grandmother always babbles about trifles.,Meine Großmutter plappert immer über Kleinigkeiten.,1,2.183666666666667,0.2066363744019821,-0.062331665732399434,0.38845916613299375,0.299747827292569,0.0,0.0,0.8767737150192261,0.0,1.0,0.0,0.0
287,What the bloody hell do you think you're doing?,"Was zum Teufel, den du denkst du, machst du?",1,0.3898888888888889,0.3038852359039182,0.049639484894512295,0.3107002698335603,0.029982797917457532,0.0,0.0,0.9365027546882629,0.0,1.0,0.0,0.0
288,I could cheerfully have killed him when he said that .,"Ich hätte ihn fröhlich töten können, als er das sagte.",1,2.3598,0.4062154378968927,0.1062398144847717,0.23902950555744185,0.050895142043443815,-0.05203,-1.0,0.9362241625785828,0.23,0.497,0.273,-0.1779
289,Laughter is the sun that drives winter from the human face,"Lachen ist die Sonne, die den Winter aus dem menschlichen Gesicht treibt",1,3.174,0.35649363172025594,0.13246408499719972,0.2547956762106554,0.06361274639372057,0.0277,1.0,0.9231404066085815,0.379,0.621,0.0,0.7269
290,April hath put a spirit of youth in everything,April hat einen Geist der Jugend in alles gesetzt,1,3.19,0.4104464083398418,0.22670120966547275,0.20093192881505448,0.025255771150916862,0.0,0.0,0.8907387852668762,0.0,1.0,0.0,0.0
291,Imagine the abominable age we live in!,"Stellen Sie sich das abscheuliche Alter vor, in dem wir leben!",1,1.9306363636363637,0.3648550684401539,-0.11521767347071647,0.24659159657618876,0.029297705300900957,-0.0004363636363636363,-1.0,0.9372541308403015,0.137,0.863,0.0,0.1511
292,Her mood was blacker than ever.,Ihre Stimmung war schwarzer als je zuvor.,1,1.6701428571428572,0.3355846417732415,0.16006574808845037,0.18849033924061187,0.062404748617219064,0.0,0.7,0.7646570205688477,0.0,1.0,0.0,0.0
293,The man who never reads lives only one,"Der Mann, der nie liest, lebt nur einen",1,2.31475,0.5220188165384756,0.34158865923563086,0.2587655817915426,0.06796763961765848,0.0,0.0,0.9132435917854309,0.0,1.0,0.0,0.0
294,She blazed with impotent rage.,Sie lud mit impotenter Wut.,1,0.9116,0.35191111624823057,0.2150217083416475,0.2407749084855624,0.21267495634636072,0.0,-0.7,0.9150741100311279,0.0,0.526,0.474,-0.5574
295,That decision was sheer stupidity.,Diese Entscheidung war schiere Dummheit.,1,1.7468,0.26440337988249246,-0.022215059332384844,0.3466580710902351,0.18120552036451978,0.0,0.0,0.9442581534385681,0.0,0.571,0.429,-0.4588
296,Truth is more of a stranger than fiction,Die Wahrheit ist eher ein Fremder als eine Fiktion,1,2.964111111111111,0.3742066642722348,0.1370880969672679,0.2546541322770675,0.0001032541638405611,-0.054877777777777775,0.0,0.8890420794487,0.262,0.556,0.183,0.25
297,The icy chill ate into my bones.,Die eisige Kälte aß in meine Knochen.,1,3.373,0.183326877609221,0.00011003228695194949,0.30026618072873357,0.04277744659292323,0.0,0.0,0.9280484914779663,0.0,0.75,0.25,-0.25
298,Would that not be fiscal philandering of the worst kind?,Wäre das nicht steuerliche Philanderung der schlimmsten Art?,1,1.050375,0.30664593067181145,0.10031025508150017,0.3017047629412368,0.153074577449535,-0.0213125,0.0,0.9372966289520264,0.0,0.745,0.255,-0.34
299,The state of our roads is a national disgrace.,Der Zustand unserer Straßen ist eine nationale Schande.,1,1.9191249999999997,0.35915651748019156,0.1629516409702732,0.17921964701776674,-0.007905561798098629,0.0,0.0,0.9379315972328186,0.0,0.68,0.32,-0.5106
300,The wise hand doth not all that the foolish mouth speaks,"Die weise Hand ist nicht alles, was der dumme Mund spricht",1,2.6740909090909093,0.4037270877069515,0.05349787108832196,0.3090941024854863,0.09251212208488258,-0.053645454545454545,-1.0,0.9336779713630676,0.369,0.447,0.184,0.5106
301,You hit the nail on the head about him: he is a con artist.,Du hast den Nagel auf den Kopf über ihn geschlagen: Er ist ein Betrüger.,1,3.1065,0.4018194216716961,0.1589697450362138,0.23164746339906755,0.029982797917457532,0.0,0.0,0.9287484288215637,0.0,0.632,0.368,-0.7893
302,I was so shocked I went numb.,"Ich war so schockiert, dass ich taub wurde.",1,1.07725,0.4314821582152148,0.08959176391768625,0.34969038850039963,-0.004821028055260083,0.0,-1.0,0.9304248094558716,0.0,1.0,0.0,0.0
303,That guy was so creepy that he made my flesh crawl.,"Dieser Typ war so gruselig, dass er mein Fleisch kriechen ließ.",1,2.4147272727272724,0.35426826000618955,0.014915895932336777,0.2698821502387753,-0.05098825290660866,0.0,-0.85,0.9394482970237732,0.0,0.638,0.362,-0.6269
304,All the things I can't erase from my life.,"All die Dinge, die ich nicht aus meinem Leben löschen kann.",1,2.4903636363636363,0.3709398630752815,0.07974510613986316,0.22582769275665782,-0.047894279352394035,0.0,0.0,0.9266476035118103,0.0,0.84,0.16,-0.2263
305,She's the incarnation of everything I hate about politics.,"Sie ist die Inkarnation von allem, was ich an Politik hasse.",1,1.7666363636363636,0.3872365174305863,0.03374621242773637,0.21705220378895293,-0.07413395290005485,0.0,0.0,0.9402809143066406,0.0,0.735,0.265,-0.5574
306,She has to face the brutal reality.,Sie muss sich der brutalen Realität stellen.,1,1.5915714285714289,0.39107718333361374,0.1570378435610927,0.2517916026338822,0.08690845906275521,-0.0006857142857142857,-1.0,0.9351449012756348,0.0,0.667,0.333,-0.4588
307,All is fair in love and war,In der Liebe und im Krieg ist alles erlaubt,1,2.798,0.42310880373526133,0.2171276159217085,0.19955180216806692,0.0142474095118914,0.013011111111111112,1.0,0.860614001750946,0.386,0.351,0.263,0.2732
308,The 1954 finals verged on the surreal.,Das Finale von 1954 richtete sich auf die Surreal.,1,2.4276666666666666,0.4296842404811927,0.12126129189834667,0.22102121280915477,0.016746165117373493,0.0,0.0,0.024312496185302734,0.0,1.0,0.0,0.0
309,Tim can mend any broken toy.,Tim kann jedes gebrochene Spielzeug reparieren.,1,2.0135,0.19207920313946342,0.05790095714890933,0.311289429166145,0.15027879209563144,0.0,0.0,0.7994385361671448,0.315,0.685,0.0,0.3182
310,Can taste the sanctity and wonder of love!,Kann die Heiligkeit und das Wunder der Liebe schmecken!,1,2.734,0.38210614164729234,0.0698321564739637,0.2431574477375889,0.01481684376552743,0.012566666666666667,0.0,0.9341235756874084,0.562,0.438,0.0,0.8748
311,The medicine went through me like a dose of salts.,Die Medizin ging wie eine Dosis Salze durch mich.,1,2.552333333333334,0.33933842471678527,0.06226384756484052,0.24489038445648062,0.09122329842148348,0.0,0.0,0.8988224267959595,0.0,1.0,0.0,0.0
312,The beauty of the sunset fille everybody with rapture.,Die Schönheit des Sonnenuntergangs füllt alle mit Entrückung.,1,1.736625,0.32556956847325697,0.08219936290249816,0.18918989186826757,0.07775266278858145,0.0005,0.0,0.9383648037910461,0.487,0.513,0.0,0.6908
313,I fall in love with you at first sight.,Ich verliebe mich auf den ersten Blick in dich.,1,2.0201111111111114,0.30235718222030467,-0.1644991565467164,0.217281023412604,-0.09972178380525018,0.0,0.0,0.8933350443840027,0.0,1.0,0.0,0.0
314,Her rude husband bawled for his dinner.,Ihr unhöflicher Ehemann kochte sich für sein Abendessen.,1,1.724125,0.36422660056465267,0.03718839660238285,0.37888115935612593,0.18162650013963705,-0.0006,0.0,0.7883978486061096,0.0,0.737,0.263,-0.3612
315,Kanzi has established himself a true primate prodigy.,Kanzi hat sich ein wahres Wunderkind für Primaten etabliert.,1,1.6087777777777776,0.16055864379834578,-0.2974704395441496,0.37821613215030764,0.14337272915973256,0.024177777777777777,1.0,0.9284773468971252,0.444,0.556,0.0,0.6808
316,We are broiling in this hot sun!,Wir braten in dieser heißen Sonne!,1,1.7865000000000002,0.2941719391888558,0.07958778931148743,0.23035612240050374,0.029297705300900957,0.059283333333333334,0.0,0.9355952739715576,0.39,0.61,0.0,0.4926
317,His muse pullulated with dizzying speed.,Seine Muse zog mit schwindelerregender Geschwindigkeit.,1,1.7651666666666668,0.33016357578489036,0.1036356556716693,0.2757291749174604,0.14199978816635045,0.0,0.15000000000000002,0.9358155727386475,0.0,1.0,0.0,0.0
318,He is full of deceit.,Er ist voller Betrug.,1,1.17925,0.41806270922213745,0.33667640335563703,0.20377454671913603,0.12800268345040045,0.0,0.0,0.9288760423660278,0.0,0.469,0.531,-0.5267
319,The rain turned our holiday into a veritable disaster.,Der Regen verwandelte unseren Urlaub in eine wahre Katastrophe.,1,3.2575555555555553,0.23349881748224877,0.0195274481958657,0.26954449010101356,0.06348664621442605,0.00044444444444444447,1.0,0.9409143328666687,0.177,0.538,0.285,-0.34
320,Makes the rotten dead sit right up.,Lässt die faulen Toten gleich aufs sitzen.,1,1.9522857142857144,0.29600696093841883,0.04118062920996199,0.358313662814134,0.24320457430854026,-0.029042857142857145,0.0,0.932993471622467,0.0,0.417,0.583,-0.7906
321,Sunday clears away the rust of the whole week,Der Sonntag räumt den Rost der ganzen Woche weg,1,3.606666666666667,0.3057054117777016,0.006921828876254224,0.283462805688726,0.10751963085834691,0.0,0.0,0.8335167169570923,0.0,0.8,0.2,-0.25
322,His eyes glittered with greed.,Seine Augen glitzerten vor Gier.,1,2.3408,0.4709390256887606,0.4084257021383547,0.21274900458933263,0.14779605064890347,0.0,0.0,0.7549577951431274,0.0,1.0,0.0,0.0
323,Her outrageous remarks were/went beyond all reason.,Ihre empörenden Bemerkungen wurden/gingen über alle Gründe hinaus.,1,0.599375,0.23527814638483865,-0.1394960573478563,0.23084309736026082,0.17133953886725362,0.0,0.0,0.9364872574806213,0.0,1.0,0.0,0.0
324,It was sink or swim as a classroom teacher.,Es war Waschbecken oder Schwimmen als Klassenlehrer.,1,3.532714285714286,0.2992914614392424,-0.016320948052070215,0.23278564760677542,0.05348442143087854,0.0,0.0,0.028490662574768066,0.0,1.0,0.0,0.0
325,I'll remember your kindness to my dying day.,Ich werde mich an Ihre Freundlichkeit zu meinem sterbenden Tag erinnern.,1,1.2437272727272728,0.33946692758155245,0.06635748718990762,0.35520575233520263,0.07783018211785026,0.0,0.0,0.9106571674346924,0.248,0.752,0.0,0.5106
326,His glassy stare made my flesh creep.,Sein glasiges Blick ließ mein Fleisch kriechen.,1,2.341857142857143,0.18902739731805532,-0.16086120281382987,0.21975330944931062,-0.0054943591040857095,0.0,-0.7,0.8731395602226257,0.0,0.75,0.25,-0.25
327,He looked like a miniature version of his father.,Er sah aus wie eine Miniaturversion seines Vaters.,1,3.177375,0.33172035053476356,-0.20281861394559023,0.23707260764503063,-0.00927089804086766,0.0,0.0,0.06628787517547607,0.0,1.0,0.0,0.0
328,All this mud's going to ruin my shoes.,All dieser Schlamm wird meine Schuhe ruinieren.,1,2.3194285714285714,0.26524371054048174,0.04488799542425576,0.2565918930646547,0.012731951042980454,0.0,-1.0,0.9358668923377991,0.0,1.0,0.0,0.0
329,I muttered like a fractious housewife.,Ich murmelte wie eine brüchige Hausfrau.,1,1.3966666666666665,0.16793691545492465,-0.1451772847926431,0.2323230343520223,0.06686881478575789,-0.055516666666666666,0.0,0.9195495247840881,0.0,0.694,0.306,-0.296
330,Even the staunch Conservative will turn.,Sogar der überzeugte Konservative wird sich wenden.,1,1.8459999999999999,0.38834989484120386,0.12646833995397308,0.21642961545988873,0.05691291952364539,0.03401428571428571,1.0,0.7635212540626526,0.294,0.706,0.0,0.3612
331,Everyone for himself and let the devil take the hindmost.,Jeder für sich selbst und ließ den Teufel das Hinterste nehmen.,1,1.9320909090909095,0.3818719576037179,-0.054762230970736035,0.2773186386975878,0.0750118220451185,0.0,0.0,0.9424427151679993,0.0,1.0,0.0,0.0
332,He's squandered all his savings on drink.,Er hat alle seine Ersparnisse beim Getränk verschwendet.,1,2.1175,0.33644715394109115,0.023405530425376415,0.27440734494648067,0.09078270393972007,0.0005,0.0,0.9312152862548828,0.23,0.531,0.239,-0.0258
333,Mere words will not fill a bushel,Nur Worte füllen keinen Scheffel,1,2.6363999999999996,0.2439415301746391,0.033113884485134526,0.250863854866082,0.13942727620572962,0.0008,0.0,0.9223406314849854,0.333,0.667,0.0,0.25
334,I've always been hopeless with machinery.,Ich war schon immer hoffnungslos mit Maschinen.,1,2.2392857142857143,0.4019695474561608,0.08119881727530465,0.30178617023251547,-0.004821028055260083,0.0,-1.0,0.9374578595161438,0.0,0.638,0.362,-0.5267
335,"I am just a friend,and she is your everthing.",Ich bin nur eine Freundin und sie ist dein Everhitth.,1,1.9494,0.42904892380375403,0.17657278958644693,0.23543473180065932,-0.024467831425697244,0.0,0.0,0.9341129660606384,0.0,1.0,0.0,0.0
336,She is a realist through and through.,Sie ist eine Realistin durch und durch.,1,1.8004285714285715,0.30404244401376335,-0.39076810942910295,0.24606691071382952,0.12050734724678139,0.0,0.0,0.9166433811187744,0.0,1.0,0.0,0.0
337,Dad will skin you alive when he sees this place!,"Papa wird dich lebendig häuten, wenn er diesen Ort sieht!",1,2.3190999999999997,0.36427637700856375,0.13913665573564468,0.2556721323848081,0.036922067587097866,0.0,0.7,0.9317627549171448,0.256,0.744,0.0,0.4753
338,Her skin was as white as snow.,Ihre Haut war so weiß wie Schnee.,1,1.4321428571428572,0.4393898198346795,0.20964891689804974,0.1936892686045376,0.00030130773267956893,0.0,0.0,0.11320924758911133,0.0,1.0,0.0,0.0
339,There's no fool like an old fool,Es gibt keinen Dummkopf wie einen alten Dummkopf,1,2.001,0.3639683026042372,-0.039211393807228545,0.3296085607227237,0.08923343521558501,-0.0006,0.0,0.9312414526939392,0.0,0.41,0.59,-0.7351
340,There was a hail of angry words.,Es gab einen Hagel wütender Worte.,1,3.2065,0.28036202907144747,0.036093301674350306,0.3126047585820815,0.20809569425085395,-0.05388333333333333,0.0,0.9316355586051941,0.0,0.625,0.375,-0.4588
341,For the first time her veneer of politeness began to crack.,Zum ersten Mal begann ihre Höflichkeit zu knacken.,1,1.153125,0.39196849179360255,-0.08305971266865902,0.24830033614015157,0.026352264398070212,0.0,0.0,0.909347414970398,0.3,0.7,0.0,0.4588
342,Today her eyes were as dull as a puddle.,Heute waren ihre Augen so langweilig wie eine Pfütze.,1,1.8347777777777776,0.4394780198352573,0.10186746291790665,0.2543164539151143,0.024443375112043694,0.0,-1.0,0.9342817068099976,0.0,0.696,0.304,-0.541
343,I had to run like mad to catch the bus.,"Ich musste wie verrückt rennen, um den Bus zu fangen.",1,1.8884,0.36017673405730516,0.07670755791242956,0.18627773075758036,-0.016848694325592613,0.0,-1.0,0.9103214144706726,0.0,0.804,0.196,-0.296
344,His essay was a hotchpotch of other people's ideas.,Sein Aufsatz war ein Hotchpitch der Ideen anderer Leute.,1,1.982777777777778,0.42694620238923786,0.18049503857113214,0.25685406837095937,0.07995936649118524,0.0,0.0,0.9254193305969238,0.0,1.0,0.0,0.0
345,Everything you cook for me is a banquet.,"Alles, was Sie für mich kochen, ist ein Bankett.",1,1.0254444444444444,0.48530203611556133,0.26409946218204444,0.22035929284528483,0.03338052187480925,0.0,0.0,0.8953393697738647,0.0,1.0,0.0,0.0
346,Football hooliganism is now reaching epidemic proportions.,Der Fußball -Hooliganismus erreicht jetzt epidemische Ausmaße.,1,1.4467142857142856,0.22889574205247037,-0.06648953245281637,0.32348380100171426,0.1572520497205404,0.0005714285714285715,0.0,0.9057426452636719,0.31,0.69,0.0,0.4019
347,We went out and played like fury.,Wir gingen raus und spielten wie Wut.,1,0.0,0.37104713146027196,0.12455544687999136,0.2696363093750436,-0.009667599430065371,0.0,0.0,0.9293583631515503,0.0,0.625,0.375,-0.5574
348,Being here is the fulfilment of a lifelong ambition.,Hier zu sein ist die Erfüllung eines lebenslangen Ehrgeizes.,1,2.062555555555556,0.3928207470059562,0.0965692759180395,0.18840342136931773,0.01688242310347489,0.0,0.0,0.9286478757858276,0.273,0.727,0.0,0.4588
349,How you can be so insensitive absolutely beats me.,"Wie Sie so unempfindlich sein können, schlägt mich absolut.",1,1.161888888888889,0.3908507302490847,-0.049452997645313,0.2835327773055721,0.13540654008120862,-0.0034,0.85,0.9348626732826233,0.0,0.721,0.279,-0.4767
350,Her arrival cast a cloud over the party.,Ihre Ankunft warf eine Wolke über die Party.,1,3.231625,0.35581543788694053,0.08526030000026172,0.3002797331843757,0.11291972630543103,0.0,0.0,0.6878558397293091,0.0,1.0,0.0,0.0
351,The next few days were a mad whirl of parties.,Die nächsten Tage waren ein verrückter Wirbel von Partys.,1,2.5313333333333334,0.30544722817301245,-0.009683411957789118,0.16498688041732418,0.0001032541638405611,0.021444444444444447,-1.0,0.9284651279449463,0.156,0.642,0.202,-0.128
352,The exam paper was a piece of cake.,Das Untersuchungspapier war ein Kinderspiel.,1,1.9012,0.5654120720234391,0.540495535133826,0.2725566726915231,0.21690694146677686,0.0,0.0,0.8939256072044373,0.0,1.0,0.0,0.0
353,It's enough to kill any decent woman.,"Es ist genug, um jede anständige Frau zu töten.",1,2.1638888888888888,0.3879873123597433,0.03134838724902414,0.2226835044131418,0.11238231051158538,0.010855555555555556,-0.15000000000000002,0.9105997681617737,0.197,0.493,0.31,-0.3818
354,His name will always be twinned with that of our school.,Sein Name wird immer mit dem unserer Schule umgezogen werden.,1,2.9112,0.3573586093078541,0.047375007470067176,0.20812808274555766,0.04251877287818866,0.0,0.0,0.04113590717315674,0.0,1.0,0.0,0.0
355,We're all living in a vicious circle.,Wir leben alle in einem Teufelskreis.,1,1.6276666666666666,0.49356827283954896,0.33743652977601823,0.15810863775972156,0.029297705300900957,0.0,0.0,0.9379956722259521,0.0,0.581,0.419,-0.5574
356,Sitting here with you is heaven.,Hier mit dir zu sitzen ist der Himmel.,1,2.1591250000000004,0.39399948701955656,0.2135004804559556,0.18476101493381158,0.0616752132591111,0.0,0.0,0.9240864515304565,0.0,1.0,0.0,0.0
357,I crawled by my buddy and watched him draw his last breath.,"Ich krabbelte von meinem Kumpel und sah zu, wie er seinen letzten Atemzug zog.",1,1.7859285714285715,0.36217435932200587,0.0578362917678041,0.307239222120729,-0.07413395290005485,0.0,-0.7,0.05501312017440796,0.0,1.0,0.0,0.0
358,I'm sick to death of your endless criticism.,Ich bin zu Tode von Ihrer endlosen Kritik krank.,1,1.4113333333333336,0.3142235025031073,-0.024755480682671555,0.24778965695106087,-0.07413395290005485,-0.007744444444444444,-1.0,0.9435241222381592,0.0,0.4,0.6,-0.8402
359,The sales campaign was a total disaster.,Die Verkaufskampagne war eine totale Katastrophe.,1,2.158666666666667,0.3957806659857189,0.10707765431988805,0.2890962982342727,0.19856879849202722,0.0,0.0,0.9365794658660889,0.0,0.575,0.425,-0.5719
360,All paid jobs absorb and degrade the mind,Alle bezahlten Arbeitsplätze absorbieren und degradieren den Geist,1,1.761625,0.19181184417868263,-0.0926531793334506,0.3520554187434429,0.1371799133790868,0.0,-0.7,0.9337531924247742,0.0,0.707,0.293,-0.4404
361,That's the funniest thing I've ever heard.,"Das ist das lustigste, was ich je gehört habe.",1,1.7283333333333333,0.47637636963426605,0.2774154833153497,0.2371068102355732,0.018933767249451783,0.0,0.0,0.9292953610420227,0.0,1.0,0.0,0.0
362,He'd run a mile if I asked him to marry me.,"Er würde eine Meile laufen, wenn ich ihn bat, mich zu heiraten.",1,1.1696666666666669,0.4369954388125029,0.07051766747340206,0.25973023964491415,0.02591845642105241,0.0,1.0,0.5624798536300659,0.225,0.775,0.0,0.4939
363,She is all of a tremble.,Sie ist alles zitternd.,1,0.0,0.5110445590803042,0.4178585826162322,0.2179849816036881,0.10755186955777828,0.0,0.0,0.933630645275116,0.0,1.0,0.0,0.0
364,The bad news cast a pall over the evening.,Die schlechte Nachricht warf über den Abend einen Pall.,1,3.523333333333333,0.37850798490022497,0.20524669797414102,0.2745228944247044,0.07414500464748514,-0.08562222222222221,-1.0,0.9212040901184082,0.0,0.727,0.273,-0.4588
365,I'm tired of your unending complaints.,Ich habe es satt von Ihren unendlichen Beschwerden.,1,2.1463750000000004,0.3209630201683167,0.04811686316028945,0.2769278131836534,-0.07413395290005485,0.0,0.7,0.93698650598526,0.219,0.571,0.21,0.0258
366,His wife waits on him hand and foot.,Seine Frau wartet auf Hand und Fuß.,1,3.5591428571428567,0.40842371614396084,0.19814652321255813,0.25478691550296506,0.07302304313560366,0.0,0.0,0.029819130897521973,0.348,0.652,0.0,0.4939
367,The proposal borders upon the absurd.,Der Vorschlag grenzt an das Absurde.,1,2.5508333333333333,0.3812816645795076,0.09621990936208366,0.19532717330923496,0.040890889246007776,0.0,0.0,0.9374202489852905,0.0,0.735,0.265,-0.2023
368,Turn off the damn TV!,Schalten Sie den verdammten Fernseher aus!,1,2.630333333333333,0.18135697713637994,-0.011375422660743673,0.3283797306951638,0.19000798183708234,-0.10113333333333334,-1.0,0.928234338760376,0.0,0.44,0.56,-0.6239
369,A mountain of melons evaporates in a wink.,Ein Berg von Melonen verdunstet in einem Augenzwinkern.,1,3.0301250000000004,0.22865959146486295,-0.11730102368266176,0.21810970862803347,-0.055704072768650324,0.0,0.0,0.9138320088386536,0.0,1.0,0.0,0.0
370,The idea is stuffed with ironies.,Die Idee ist mit Ironien gefüllt.,1,1.9654999999999998,0.21849772051233932,-0.22353725812460443,0.2905067725394408,0.06741745888060735,0.0,0.0,0.9172255396842957,0.286,0.714,0.0,0.25
371,Everything went black in the shocking folds of his embrace.,Alles wurde schwarz in den schockierenden Falten seiner Umarmung.,1,2.306888888888889,0.2715542792076524,-0.06684813326867323,0.271578035661476,0.025255771150916862,-0.021477777777777776,0.7,0.9349803328514099,0.0,0.714,0.286,-0.4939
372,Life is like an ice cream. Enjoy it before it melts.,"Das Leben ist wie ein Eis. Genieße es, bevor es schmilzt.",1,1.6745454545454543,0.4117212100220483,-0.09559112849056414,0.2293547976324249,0.08051491111238049,0.0453,0.0,0.9287763833999634,0.231,0.769,0.0,0.4588
373,Her steadfast belief never left her for one moment.,Ihr unerschütterlicher Glaube hat sie nie für einen Moment verlassen.,1,2.0264,0.45818247797840456,0.24408029539072235,0.28471505933665614,0.06445269963836191,0.0,0.15000000000000002,0.9386364221572876,0.268,0.732,0.0,0.5106
374,His pride and choleric temper were to ruin him.,Sein Stolz und sein cholerisches Temperament sollten ihn ruinieren.,1,1.7752222222222223,0.3343087799361743,-0.17270516597937113,0.3588023860352249,0.16657419875397048,0.0,-0.43333333333333335,0.9357491135597229,0.273,0.727,0.0,0.4588
375,That's the guy I want to give my heart to.,"Das ist der Typ, dem ich mein Herz geben möchte.",1,2.126,0.4496163652983961,0.2701824743815795,0.20998925338791005,-0.004025633977347436,0.0,1.0,0.915212094783783,0.231,0.769,0.0,0.4019
376,The story melted away her soul.,Die Geschichte schmolz ihre Seele weg.,1,2.2496666666666667,0.304288725118139,0.04467396455598081,0.28985722242529516,0.11610437542530656,0.0,0.0,0.9316497445106506,0.0,1.0,0.0,0.0
377,I worked my butt off.,Ich habe meinen Hintern abgeworfen.,1,2.9766000000000004,0.38706688980316145,0.06917319812313195,0.5128346858395655,0.4490375223407143,0.0,0.0,0.03245490789413452,0.0,1.0,0.0,0.0
378,He was swallowed in darkness.,Er wurde in der Dunkelheit verschluckt.,1,3.1479999999999997,0.448570978580103,0.18999802025233464,0.30389877305293206,0.18115255682180206,0.0,0.0,0.46305930614471436,0.0,0.649,0.351,-0.4019
379,You dry up and die in quest of a proof so obscure.,Sie austrocknen und sterben auf der Suche nach einem so dunklen Beweis.,1,2.6029166666666668,0.3864858381278157,0.04042415432818305,0.25561993064622635,0.10186525251741184,-0.0017833333333333332,0.0,0.9322630167007446,0.0,0.587,0.413,-0.793
380,They look like stars to the naked eye.,Sie sehen aus wie Sterne zum bloßen Auge.,1,1.144375,0.36339494241141235,0.14594892753830985,0.18846123607348853,0.04063929502144892,0.0,0.0,0.9209771752357483,0.0,1.0,0.0,0.0
381,I felt like a pea on a drum.,Ich fühlte mich wie eine Erbse auf einer Trommel.,1,1.7244444444444444,0.3406379400043844,0.04040173049920027,0.20709692458464546,-0.012640501986654316,0.0,0.0,0.8861780166625977,0.0,1.0,0.0,0.0
382,All day long he does bugger all.,Den ganzen Tag erledigt er alles.,1,3.0075,0.38802841950525396,0.21753156741082982,0.3362188941660663,0.17131872403382,0.0,0.0,0.18263238668441772,0.0,1.0,0.0,0.0
383,She was furious - screaming bloody murder at the manager!,Sie war wütend - schrie blutiger Mord am Manager!,1,1.9764444444444444,0.22499519537846177,0.01416332673558503,0.3039003411934474,0.09678687061426752,-0.0054555555555555555,-1.0,0.9250890016555786,0.0,0.313,0.687,-0.8999
384,A blank and empty future lay before me.,Eine leere und leere Zukunft lag vor mir.,1,3.206,0.3637439011863358,0.18137645632955535,0.22656807219975716,0.08112270179216488,-0.00625,0.0,0.9291584491729736,0.0,0.612,0.388,-0.4215
385,The impalpable power of faith.,Die unkomplizierbare Kraft des Glaubens.,1,1.5984000000000003,0.43580253713904926,0.335406784231838,0.23450316339608313,0.20172097224567243,0.0,0.0,0.9073997139930725,0.684,0.316,0.0,0.7579
386,Better a bachelor's life han a slovenly wife.,Besser das Leben eines Junggesellenhauses ist eine schlampige Frau.,1,2.4334444444444445,0.32448174570563215,-0.13633384110477711,0.2052769345993382,0.051959580173870014,0.04128888888888889,-1.0,0.9327635765075684,0.279,0.721,0.0,0.4767
387,My car goes like a bomb since I put that new engine in it.,"Mein Auto fährt wie eine Bombe, da ich diesen neuen Motor hineingelegt habe.",1,1.6536923076923076,0.30937649062204814,-0.17464413735551182,0.2184836535397585,-0.0025294137138547022,0.0003076923076923077,0.0,0.9350599646568298,0.174,0.659,0.168,0.0258
388,He was sick as a parrot when his team lost the match.,"Er war als Papagei krank, als sein Team das Match verlor.",1,3.4357272727272727,0.38260936074969204,-0.003702770023908045,0.2725261778756451,0.06540909921314028,0.0,-1.0,0.045227229595184326,0.0,0.629,0.371,-0.6486
389,Just a few words will incite him into action.,Nur ein paar Worte werden ihn zum Taten führen.,1,1.9504444444444442,0.42273314274906365,0.18691518332251938,0.2312215088463825,0.009905503999119578,0.0,0.0,0.8377624154090881,0.223,0.777,0.0,0.3182
390,Theres an angel missin from the heaven n tat angel is u!,Es gibt einen Engelsmissin vom Himmel und Tat Engel ist du!,1,2.6716363636363636,0.4395875782952751,0.22742989537502833,0.22802634230191546,0.07025062233218787,0.0,0.0,0.9359584450721741,0.0,1.0,0.0,0.0
391,Pride is the mask of one's own faults,Stolz ist die Maske der eigenen Fehler,1,3.29,0.3555975300848207,0.11371924342109754,0.27374459839379417,0.024892272458681464,0.0,0.7,0.9252666234970093,0.291,0.485,0.223,0.1779
392,She nearly always pulls for the underdog.,Sie zieht fast immer für den Außenseiter.,1,2.3042857142857143,0.4958029480293428,0.2636481760036125,0.2872800606927757,0.16373065947009688,0.0,-0.7,0.8829674124717712,0.0,1.0,0.0,0.0
393,He is as thin as a rake .,Er ist so dünn wie ein Rechen.,1,2.716285714285714,0.4999348549705254,0.20074854000049167,0.24626768684954536,0.08051491111238049,0.0,0.0,0.7241302132606506,0.0,1.0,0.0,0.0
394,She always has her head buried in a book.,Sie hat immer ihren Kopf in einem Buch vergraben.,1,2.477444444444444,0.5014296314807646,0.30803794744402596,0.19789755542191817,0.04198525172777164,0.0,0.0,0.9017890691757202,0.0,1.0,0.0,0.0
395,Better belly burst than good liquor be lost,Besserer Bauch platzen als gute Alkohol verloren gehen,1,4.585125,0.22931761037428344,0.025538947869286965,0.3426718428984566,0.12435633529055197,0.043774999999999994,1.0,0.9276651740074158,0.453,0.365,0.182,0.5719
396,He was boiling over with indignation.,Er kochte mit Empörung.,1,2.3187499999999996,0.27882809376159984,0.08792603107003105,0.3377218599968821,0.24986516974718265,0.0,0.0,0.841701865196228,0.0,0.536,0.464,-0.3818
397,The heart is enmeshed in brimless sadness.,Das Herz ist in zeitloser Traurigkeit verstrickt.,1,3.185857142857143,0.22361889567590115,-0.06818368413097163,0.3122397372152629,0.15971487590044228,0.0,0.0,0.9393466711044312,0.0,0.481,0.519,-0.6597
398,His absence cast a blight over the family.,Seine Abwesenheit warf die Familie ein.,1,3.2601666666666667,0.3765236645038593,0.20366500601625984,0.27442195505998673,0.09647177345965037,0.0,0.0,0.555178701877594,0.0,1.0,0.0,0.0
399,That Sunday is a figment of the world's imagination.,Dieser Sonntag ist eine Erfindung der Vorstellungskraft der Welt.,1,2.6998888888888897,0.4771023437766132,0.1326012842604031,0.29225354122322533,0.07554972561227231,0.0,0.0,0.9163520336151123,0.0,1.0,0.0,0.0
